kmer,Count
AAAAAA,77658
AATAAA,26699
TTTTTT,22564
ATAAAA,16510
ATAAAT,14723
AAATAA,14371
AAATTT,11764
ATTTTT,11071
TAAAAT,11028
AAAAAT,10835
AAAATT,10752
TAAAAA,10413
AATTTT,10127
TAAATT,9995
TAATAA,9794
AAAATA,9076
TTATTT,9072
TTTATT,8404
TTTTAT,8304
TATTTT,8160
TTTTTA,7759
TAAATA,7675
AAATAT,7422
TTTGTT,7286
AAATTA,6963
TTTTGT,6883
ATTATT,6799
ATATTT,6760
TTGTTT,6647
TTTAAT,6640
AATATT,6586
TTAATT,6575
TTAAAA,6522
ATTAAA,6482
TTTTAA,6416
TTTTTG,6415
ATTTAT,6370
AATTAA,6215
TAATTT,6176
AATAAT,6157
TGTTTT,6148
ATTTTA,6120
TATAAA,6066
AAATGA,6064
AATGAA,6040
GAATAA,6024
TTAAAT,5669
GATAAA,5655
ATAAAG,5629
CAATAA,5629
AATTAT,5614
ATAATA,5432
GAAAAA,5389
TTTAAA,5349
AAAATG,5306
TTAATA,5290
TTTTTC,5266
TGAAAT,5251
TATTAT,5233
AAAGAA,5146
ATTAAT,5092
TGATAA,5030
AATTTA,5025
ATTTAA,5023
ATAAAC,5020
TTTTCT,4941
AAAAAG,4887
ATGAAA,4801
TTATTA,4797
AAAAAC,4752
ATAATT,4705
AGAAAA,4667
TAAATG,4622
GTTTTT,4618
TTTCTT,4596
AAGAAA,4565
GAAATA,4558
AAAAGA,4553
TTTTGA,4500
TTTCAT,4494
TGAATA,4465
ATTTGT,4409
ATTGTT,4393
TGAAAA,4387
TATTTA,4376
TTCATT,4365
ATGAAT,4347
TTATAA,4346
ATTTTG,4337
TTTGAT,4335
AAATGT,4312
AAAGTT,4306
ATATAT,4300
TATTAA,4256
AAATTG,4229
ATTTCA,4216
TATATT,4197
TTGAAA,4182
TAATTA,4171
TCATTT,4089
TTTATA,4088
TTTGAA,4068
TTATAT,4058
TGTATT,4040
TTCTTT,4022
TATTTG,4000
CTTTTT,3991
TTTGTA,3971
AATTTG,3969
ATATTA,3845
CATTTT,3835
TCTTTT,3814
ATTATA,3813
TTTATG,3741
TTGTTA,3723
TATTTC,3714
TGATTT,3696
AATATA,3691
GAAAAT,3672
ATGTTT,3664
TGAATT,3655
AATTTC,3637
TAAAGT,3616
TTTTCA,3614
TGTAAT,3582
TTGTAT,3569
TTGAAT,3548
TAATAT,3529
ATTTTC,3497
AATGTT,3461
AAAAGT,3448
TGTTAT,3429
TTTCAA,3415
CAAATA,3414
ATTTCT,3387
ATATAA,3372
AGTAAA,3366
TTATTG,3355
AATTGT,3354
AAAACT,3318
CAAAAA,3295
AATGAT,3269
CATAAA,3268
TATATA,3250
TAAAAG,3248
TATAAT,3236
AGTTTT,3210
TTGTAA,3198
AAGTTT,3157
GAAATT,3147
TTCAAA,3144
TTGATT,3130
ATTTGA,3086
TATTGT,3082
GTTTTG,3065
TTGTTG,3058
GATTTT,3032
TTGATA,3032
TAAACT,2994
AAATTC,2978
AAACTT,2970
TCAATA,2958
TAAACA,2945
TCAAAT,2943
CATTTA,2927
TAAAAC,2923
TGTAAA,2920
AAAACA,2917
AACAAA,2890
TTCAAT,2888
TATGTT,2887
GTAATA,2884
AAACAT,2883
TAAAGA,2867
GTAAAA,2846
AACATT,2840
GTAAAT,2836
AATTGA,2819
AGAAAT,2818
ATTGAA,2811
GAATTT,2796
ACATTT,2752
AAAATC,2740
AAGAAT,2731
TGTTTA,2724
AAACAA,2699
AAAGAT,2699
TATGAA,2698
ATCATT,2691
TGTTGT,2673
ACAAAT,2670
ACTTTT,2669
GTTATT,2656
ATGATA,2642
ATTCAT,2636
ATCAAT,2626
AATTCA,2615
ATGTAT,2610
GTTTTA,2590
ACAAAA,2589
ATTGAT,2574
ATGATT,2569
TGTTAA,2566
AAGTAA,2531
ATTGTA,2525
GTATTT,2512
TCATTA,2502
CAAAAT,2479
AATGTA,2478
AACTTT,2464
TCAATT,2454
TTTATC,2429
TTATGT,2428
GTTTAT,2395
TTATTC,2378
TTATCA,2370
AAAGTA,2364
AAATCA,2352
TAATTG,2349
GATAAT,2340
CAAATT,2340
ATTCAA,2323
TAAATC,2319
TTTCTA,2302
TAATGA,2298
AATATG,2278
TCAAAA,2270
AAATCT,2266
TAATGT,2257
TGATAT,2255
ACAATA,2255
TTAATG,2248
ATATTG,2247
CAATTT,2238
TGTTTG,2232
AATTCT,2219
TTTACT,2206
CATTAA,2182
ATCTTT,2166
ATTCTT,2161
TTATGA,2149
ATAATG,2143
GAGAAA,2130
GTTGTT,2110
GTATTA,2103
TGTTTC,2102
TGTATA,2095
TTCATA,2094
AACAAT,2089
ATATGT,2077
ATGTTA,2075
TTTGCT,2069
ATCAAA,2050
ATTATG,2042
CATTTC,2042
TATCAA,2032
TTTTAC,2031
TGTGAA,2021
GTTATA,2014
TATTCA,2007
AAAACG,2002
GATATT,1999
GTTAAT,1989
AGAATA,1979
GTAATT,1978
CATTAT,1976
TTACTT,1975
AGTAAT,1972
AGAATT,1969
CTATTT,1963
AATAAG,1962
ATGTAA,1961
AAGATT,1951
TGTTGA,1939
TATCAT,1932
TATTGA,1928
TGATTA,1928
ATTATC,1928
TGCTTT,1926
AGATTT,1917
TATATG,1912
AATCAA,1911
TTTTGC,1901
TTTCTG,1891
ATATCA,1890
AAACTG,1890
TATGCT,1889
AATCAT,1879
AGATAA,1874
ATATGA,1870
GAAATG,1869
TCTGTT,1868
AATCTT,1868
TTTGCA,1862
CTAATA,1861
TAATTC,1854
GTTAAA,1851
CATATT,1846
GAAAGA,1843
ATTTGC,1841
TGGAAA,1840
TTGTTC,1838
CTTATT,1826
TTTGTG,1826
TTGCTT,1825
TTCTAT,1822
TCATAT,1817
GTATAA,1815
TATGTA,1812
TAACAT,1808
TGAATG,1801
GAATTA,1789
ATATTC,1789
TTATCT,1786
TTGGTT,1769
GATTAT,1767
GAATAT,1766
TTAAAG,1761
TCATAA,1743
TTTTGG,1733
TAACAA,1732
CTTAAT,1728
GCATTT,1724
ATGCTA,1719
ACAATT,1711
GTTTAA,1709
TTTCTC,1705
ATTGCT,1699
TGGAAT,1698
TACAAA,1695
AATGTG,1692
ATTACT,1692
GAAAAG,1690
AGTTAT,1689
AATACA,1688
TATGAT,1687
TGCAAT,1687
TTTTCC,1684
TGAAGT,1684
ATGGAA,1675
GTTTGT,1674
AAAGCA,1671
TGTGAT,1671
TTGCAA,1669
TGATTG,1669
TAGTAA,1668
AAACTA,1666
AAATAC,1658
TTGATG,1657
ATGTGA,1653
CTGTTT,1653
TTTCCT,1651
TAAGTA,1650
TGGTTT,1649
GCAATA,1647
CTTTTC,1647
ATGTTG,1638
GAAGAA,1636
CTTTTA,1634
GATTTA,1633
GATTTG,1629
TTTAGT,1628
GTGATA,1626
TTCTTG,1620
TGCAAA,1620
GTTTGA,1615
AGATAT,1611
TTCTGT,1610
TTAAGT,1603
TGTGTG,1602
TTGTCA,1598
TAGTTT,1597
TTATGC,1596
TGCATT,1594
AATATC,1590
TTCTAA,1587
ATTTAC,1586
TTATAG,1585
AAGGAA,1583
AAATGC,1579
AAGTGA,1576
GAATGA,1574
CATTGT,1571
AAGATA,1570
TTTGGA,1570
TTGCAT,1569
TTGTGA,1569
CATAAT,1569
ATACAA,1567
TGTTCA,1564
GCATAA,1563
AAGAGA,1562
TCTAAT,1561
AATTAC,1561
TTCCTT,1561
GGAAAA,1560
TTATGG,1557
AAGCAT,1556
AAAGGA,1555
TATTCT,1547
TTTTAG,1547
AAGAAG,1547
TTAGTT,1546
AGAGAA,1545
ATCTGT,1542
TTCTTA,1540
TACAAT,1533
CAATTA,1533
AAAGAG,1531
TTCGTT,1530
TTGGAA,1530
AAGTTA,1527
TACATT,1526
TCATTG,1525
TTCAGT,1516
GGAATA,1510
ACTGAT,1509
GATGAA,1507
ATTTCC,1506
TAGATA,1503
TTTCAC,1501
TTCTTC,1498
TACTTT,1496
CTAAAA,1494
ACTATT,1490
TCTTAT,1489
TTGGAT,1487
CCATTT,1483
TTACTG,1483
TGCATA,1479
ATATGC,1477
CTTTAT,1474
ATGCTT,1472
AAATAG,1470
ACTTAT,1469
AAGTAG,1462
TTTGGT,1461
AACATA,1459
CTTTAA,1458
TGTATG,1457
CTGTAA,1456
TGAAAG,1455
GAATTG,1454
AAACGC,1446
TGTGTT,1446
AGTATT,1442
TAGAAA,1441
GTTTTC,1440
AACTGA,1439
AATTGC,1437
GTGAAT,1435
ACTAAT,1434
ATACAT,1432
CTTTGT,1432
ATTACA,1430
TTTAAG,1427
ACATTA,1426
CTTTTG,1425
GTTGAA,1423
ATAACA,1422
ACATAA,1422
CAATAT,1420
AATGCT,1418
GGAAAT,1416
CTGAAA,1415
TGATGT,1413
CTTAAA,1409
TATCTT,1408
CTGAAT,1404
CAAATG,1401
TTAATC,1399
TCTATT,1398
GTTTCT,1393
AGAAAG,1392
AGCATT,1391
ATGAAG,1389
AACTAA,1389
TGATGA,1387
TTACAT,1386
TTTAAC,1384
TTAACA,1383
TTAACT,1382
GATGAT,1382
TATGGT,1378
ATTGTG,1372
TCTTTA,1371
GTTGTA,1367
CTGATT,1365
TTTGTC,1362
GTGTGT,1362
GTTTCA,1361
ATGGTT,1361
ATTTCG,1359
AGAAGA,1359
AACTAT,1357
ATTTGG,1356
ACTGTT,1354
TATTAC,1349
TGCTAA,1348
TTACAA,1348
ACTGAA,1348
TTCATC,1345
GCTTTT,1344
ATTAAG,1343
GTGAAA,1342
TCTTTG,1342
CAGTAA,1341
GTTGAT,1340
GATATG,1338
AAAAGC,1337
AATACT,1335
TTCCAT,1333
TAAAGC,1333
ACTTAA,1332
AAAGTG,1331
GATTTC,1331
TTGTGT,1330
GTTATG,1328
TTAAAC,1323
TCTAAA,1322
GATTAA,1319
TTTTCG,1318
AACGCG,1318
AATGCA,1318
TACTAT,1317
TTCTCA,1313
TTTACA,1313
GCAAAA,1310
CTAAAT,1307
TCGTTT,1307
CTAATT,1306
TAAGAA,1306
GCAAAT,1305
ATTAGT,1303
TTGATC,1298
TGTTGG,1298
AATAGA,1297
ATGCAT,1296
CTCATT,1283
CGTTTT,1281
TCCATT,1278
GTGTAA,1277
TTTCCA,1274
ATCCAT,1273
AAACAG,1273
CATTTG,1270
TTTCGT,1267
TAATCA,1267
TGCAGT,1264
CTTGTT,1259
TTGCTA,1257
ATAGTA,1250
GTAATG,1249
TTGCTG,1249
AGGAAA,1246
ATACTT,1245
AAGTTG,1244
AAGTAT,1243
AGTGAT,1243
TCAGTT,1234
AACTGT,1231
GTATAT,1229
TTACTA,1226
TAAGTT,1225
TAACTT,1221
TTCTCT,1217
TCACTT,1215
TATTGC,1214
CAGAAA,1214
GAATGT,1214
TTGTAC,1213
CATTCA,1210
TTCTGA,1209
TATATC,1207
GATTGT,1204
TAATAC,1203
CTTTCA,1202
TTCACA,1202
CTGTAT,1201
CATATA,1201
TTTCGA,1201
TCTTTC,1199
TGTTCT,1195
AGCAAA,1195
GTAACA,1193
ATAAGA,1192
AATAAC,1191
TGGTTA,1189
GTGTTT,1185
TATTCC,1182
CTGATA,1180
AAGCAA,1180
TCTGAA,1179
ATTAAC,1178
ATAAGT,1178
ATTGCA,1176
TAGTTA,1174
CTATTA,1172
TATTAG,1170
TCATTC,1169
ACGCGC,1168
TCCTTT,1167
ATCTAA,1164
AGTTTA,1163
ACATAT,1162
GAATTC,1162
TCTGTA,1159
GTGATT,1159
TTCATG,1158
AATGGA,1154
TATAGT,1153
GTGTTG,1149
GGATAA,1148
CTATAA,1145
ATAGAA,1143
ATATCT,1142
AACAGT,1140
ATTCTA,1139
ATCATA,1135
AGTTAA,1134
TCTCTT,1132
TTATAC,1131
TGTCAT,1130
GCGTGT,1128
AAAAGG,1128
TCTCAT,1128
TTAGAA,1126
TCTTGT,1126
CGCGCG,1124
ATGATG,1123
TGTTAC,1122
AGTGTA,1119
TTCACT,1117
TGTCAA,1113
AACTTC,1113
GGTTAT,1112
GTTCAA,1111
ATTCTG,1110
ATGCAG,1110
TGAGAA,1109
CATGAA,1109
ATTGGT,1108
CTTCTT,1108
GACAAA,1103
TGGATA,1102
ATGCAA,1099
ACTTCT,1097
CAAGAA,1096
TATACT,1094
AAATGG,1093
TATGCA,1092
CGTGTG,1090
ATTCCA,1089
AGTTGT,1087
CGCGTG,1084
GCGCGT,1083
TTTCAG,1081
AAAGCT,1080
AAGGAT,1078
AATAGT,1078
TATACA,1077
ACTTCA,1076
TAATAG,1076
CAATGA,1075
GATGTT,1075
ATAGAT,1072
TCATCA,1070
CGATAA,1068
TCTGAT,1067
CAGTGT,1066
TCTTGA,1065
GAAGTG,1065
AATGAG,1064
ATAATC,1063
TTCCAA,1063
ATTGGA,1063
TGGATT,1060
TAGAAT,1060
AATTAG,1059
ATTCCT,1059
GTATTG,1058
TATCTG,1057
ATCAGT,1057
ATAGTT,1055
TCTTAA,1053
TGAAGA,1053
TCACAA,1052
ATTTAG,1049
TTGAAG,1049
GAAAAC,1045
TGACTT,1044
TGAACT,1044
TGCTTA,1044
ATTCGT,1041
AGTTTG,1035
ATTCAG,1034
TACTGT,1031
ACTGTA,1028
TGTAAC,1027
TAATGC,1026
AAGTTC,1026
GTTCTT,1025
AACTTG,1025
CGATTT,1024
TAAGCA,1022
AATTCC,1022
AATTGG,1021
ACTTTA,1021
TTAAGA,1021
AAACGA,1021
GGTTTT,1019
AGTGAA,1019
CAACAA,1018
GTAAAG,1018
CAGTTT,1016
TACTTA,1013
TATTGG,1012
TGCTAT,1011
AACGAT,1008
AAACTC,1004
GAAGGA,1002
ATGAAC,1001
TGAGTA,999
CTGTTG,999
TACTTC,999
GAAAGT,999
TGCTGT,996
AGATTA,995
CATTGA,995
CTTGAA,993
CACTTT,990
TTGACT,990
CTTATA,990
TATAGA,990
CACAAT,989
AGCAAT,988
ATGTGT,988
ATTGTC,987
CACATT,986
CTCTTT,983
GTTGGT,982
TCATGT,981
AGTGTT,980
TCACAT,978
GGATTT,975
TAAAGG,970
TGTACT,969
AAATCC,969
AACTTA,969
TATGGA,968
TGATTC,966
ACTAAA,966
GCTATT,964
TACTAA,963
ATAAGC,962
TACTGA,961
CTGTTA,960
AATCTG,959
CTATGT,957
ACATTC,957
TGACAA,954
TTGTGC,953
TGCTAC,953
ACTTTC,953
TAATCT,951
CGAAAA,950
AATCTA,950
ATACTG,948
ATCACT,948
GCTAAT,946
CCAAAA,944
CTTTGA,943
TGTACA,941
ACTTGT,941
GTCATT,941
GAAGAG,941
ACCATT,941
TTCAAG,940
GGAATT,939
TTTGAC,938
TAAGAT,936
GCTAAA,935
AAAACC,933
CTTCAT,933
CATGCA,931
GATTGA,927
GATATA,925
TCCAAA,925
TTATCG,924
TCAGAA,924
GAAGTT,921
ATGAGA,920
CGAAAT,914
TGATCT,912
GTGTGG,908
CCTTTT,908
TACATA,907
TTAGTA,906
TGAAAC,903
CTTTCT,902
TGTTGC,901
AAGTGT,900
CAAAAG,899
GTAAAC,895
TATCAG,895
ATCTAT,894
AAGATG,894
CCAATA,893
TGTCTT,892
AGAATG,891
TCGAAA,888
AGTTGA,888
GAAGTA,887
TCTTCA,885
ATATAC,884
ATCTTA,881
GAGAAT,880
TAAACG,880
GGTTTA,876
TTTAGA,876
GTATTC,875
TGAATC,875
AGTAGT,872
GAAGAT,872
CTTCAA,871
TTCGAA,869
ATAACT,868
AGTTTC,868
TCAACA,867
AGACTT,866
TTTCCG,864
TGTGCT,862
TCAGTA,861
ATGTTC,858
AGCATA,858
TGCTGA,857
TCAATG,857
TTCAAC,856
GGAAGA,856
TAATGG,856
ACTTTG,854
TCGATT,853
ATCGAT,853
GAAATC,851
TCTTCT,851
TGATCA,851
GAAACA,851
GTTCAT,847
CTATAT,846
TTGACA,842
TATTCG,836
CTTATC,836
ACTGCT,835
TAACTA,835
AGTAGA,835
ATCGTT,835
AGTATA,834
CAAACA,834
AACTCT,832
TTCGAT,832
TCTCAC,832
AAAGGT,829
TATGTG,828
ATGGAT,826
ATTAGA,824
TGAACA,821
CAATTC,821
TTAGAT,819
AATCCA,819
GCAGTG,818
TAACTG,818
AGATGA,818
CATGTT,818
CATCAA,818
GTCAAT,816
CTGTTC,816
GCAATT,816
ATCATC,813
GTGAAG,813
CCAAAT,812
AATTCG,811
CTTGAT,809
ACATTG,809
TGGTAT,809
GCATTA,808
GACTTA,808
ACGATT,808
TTGTCT,807
GTGCAA,805
CTAATG,805
CTGCAT,804
TACTGC,804
CTATCA,804
GATCAA,804
GTTACT,804
TCCATG,803
ACAATG,801
ACATGT,799
GCATAT,798
GCTGTA,797
GTGGAA,795
GATTCA,795
ACTATA,794
TTGGTG,794
TGCTTC,793
TATCAC,792
GGTTTG,791
ACTTGA,791
AGGAAT,791
AGGAAG,790
AAACAC,788
TTAGTG,788
TACTTG,786
GTGTTA,786
AGAAGT,785
ATGTCA,785
TGGTAA,785
TCATCT,783
ATGGTA,782
GAATCA,782
TTTACC,781
AATCAG,780
TCCAAT,780
TTCCGT,779
GAACAA,778
TGTGTA,778
TGGAAG,777
AGTTCT,777
AATGGT,776
ACAGTT,776
ATTGAC,776
GTATGA,774
CAGTTG,774
TATCTA,771
TCTATA,769
AAGGTT,769
AATGTC,769
GCTTAT,769
GTGTAT,763
TTTGAG,762
TCTATG,760
TATAAG,759
CATCAT,759
TTCAGA,758
GAGTAA,757
GTAAGT,757
GCTTAA,757
TTGAGA,757
GCTGTT,755
TGAGAT,755
TCAAGT,754
CAATTG,753
GTTGTG,753
TAGATT,752
GCTTTA,752
CGAATA,747
TATAAC,745
TCACTG,744
TGTGGC,742
TGTGCA,742
AGATGT,742
CAGAAT,742
TCGTGT,741
TACCAT,741
CGATGA,736
CTTGTA,735
TGTATC,735
TAAACC,734
AGCTTT,733
ATGAGT,733
AAGCAG,733
AACAAG,732
TTCCTG,731
ATCTGA,731
TTACCA,728
AATGAC,727
GCTGAA,727
TACCTT,727
TAGTGA,727
GAACTT,725
GATCAT,724
TCCATA,723
ACAAAC,722
CATTCT,721
AACACT,720
GAGATT,719
AGATTG,718
TGACAT,717
TCAATC,715
CTCTCA,714
CACAAA,714
CAAACT,713
TTGGTA,710
GAGGAA,710
CCATAA,710
TTCTGC,708
TCGATA,708
GTTATC,707
TGCTAG,706
TCGTTC,704
ATGATC,704
CAAGTA,704
TACCAA,704
ATCAGA,704
GTTTAC,704
AAGCTT,703
TGGCGT,703
GTCTTT,702
TACATG,702
TCAAGA,702
ATTCTC,701
CAACTT,700
TGCATG,697
TTGTAG,696
GATAAG,695
TTGAGT,694
TCTGTG,693
CTTATG,692
ATGACA,691
TTGAAC,690
TAGCAA,689
AAATCG,688
GACATT,688
CATGTA,687
TCTCAA,687
CAATGT,687
CATTAC,687
GCTTTG,686
CACTGA,686
AGAAAC,685
ATCTCT,685
TATGTC,685
TGCTGC,685
CAGCAA,683
TGATAG,682
TCGTTA,681
GCAGTA,681
GGTAAA,681
GTATGT,680
GTTGCT,678
ATCCTT,675
GATCCA,675
CAGTGA,675
CGAATT,674
GTGGCG,673
TAGTAT,673
TTCCTA,673
ACAGAA,671
TTATCC,671
CGGTTT,670
ATGTAC,670
GGAAAG,670
ATATGG,670
GATTCT,669
AACAGA,669
CAGTAT,669
AACTGC,668
AATCGT,668
CTATTC,667
TCCTTA,667
TATCGT,667
ACTATC,666
GTTTCC,665
GTGAGT,665
ATATAG,662
ATGACT,662
GTACAA,658
GTGCTT,658
CGTGTT,657
TCGAAT,657
TCATGA,651
ACTGCA,651
TAGACT,651
TCAAAC,650
ATTCAC,650
CTCAAT,649
GTTCTG,649
ATACTA,648
GCTAGA,648
ACGAAA,648
ATGTCT,648
TGATAC,648
AGGTTT,647
ACAACT,646
AGTAAG,646
AGCAGT,645
CGTTAA,643
ACCTTT,642
CTAGAT,640
AAAGAC,637
GTACTA,635
TGTAGT,635
CCTTAT,635
TGATCC,635
AACAAC,632
GGTGAA,632
AACATG,631
TATCTC,630
TCAACT,629
TCGTAT,629
AGTGAG,629
GAAAGG,629
CAAAAC,628
ACGAAT,628
TGTTCC,627
TCGTAA,627
GGAAGG,627
AACATC,627
ACCAAA,627
TCAAAG,626
CAGATT,626
AAACCA,625
TTACCT,625
GGATGA,624
GCATTG,623
CAATCT,621
CAAAGT,620
ACTATG,620
TCAGTC,620
GAGATG,619
AGAGAT,617
ACAGTA,617
GAATAC,616
CTATGA,615
ACATGA,613
AACGAA,612
TATCGA,612
TAGCTT,612
TTGCTC,611
CAACTA,610
GTAGAA,609
TGAGTG,609
TCAGTG,608
ATCGAA,607
CCATGC,607
CTAGTT,607
CGTTGT,607
CACTGT,606
ATAGCA,606
ATCTTG,606
TAACAG,603
AGAATC,601
GATATC,601
CATATG,601
ACAGTG,600
CAGATA,600
GTATCT,599
CTCAAA,599
AAAGTC,599
ATCTTC,599
TTCTGG,598
GTTGCA,598
GCAGAA,597
CAAATC,597
ATCTCA,596
GTAGAC,596
TAAGTG,595
TGCTTG,594
GATGTG,594
GATGTA,594
GTTACA,592
AGAGGA,592
CAAGTT,591
GTCAAA,590
TTCGTA,589
AACCAA,589
GCAGTT,589
TAATCC,589
TGTGGA,588
CTATTG,588
CAGTTA,588
GAAGCA,587
AAGAAC,587
ACAGAT,585
CTCTGT,581
AATAGC,581
GTAATC,581
GACAAT,580
GTAGTT,580
GAACTG,580
CATACA,580
AGATAC,580
TGGATG,579
GTTTGG,579
GTGATG,578
CATATC,577
TGTGGT,576
CAATCA,575
AAGCTA,575
CTTACT,574
AAGAGG,573
AAACCT,573
ACCAAC,573
ACGATA,573
GACTTT,573
TCACTA,572
CACTAT,572
CTGCAA,572
ACGGTT,571
TGTAGA,571
ACAAAG,571
CTTTGC,569
CTGAGA,569
TCAGAT,569
ACACAT,567
CAAAGA,567
TATGAG,566
GTTCTC,566
CTAACA,564
TTCCAC,562
CTTGTG,562
GAGTTT,562
ACTAAC,562
TAACAC,561
ATCATG,561
TCTTGC,561
GTTAAG,559
AAGACA,558
CGTATT,558
GGTAAT,558
AGTACG,556
AATCTC,555
GTATCA,554
TGCTCA,554
GTCGTT,554
TACAGT,554
AGCAAG,553
TGTTAG,553
CTGTGA,552
GAGATA,551
TTCGCT,551
AATCCT,551
GTACTT,550
ACATCA,550
GTCATA,550
AATCGA,549
TCGTTG,549
TTACTC,549
TGGTTG,548
TCTATC,547
CTGCTG,547
GAAACT,546
CTACTT,545
CATGAT,545
TTCCTC,544
GAGTAC,544
GAATCT,543
GTTTGC,543
CACTTA,542
AACACA,542
TGGTGT,541
CTGCTT,541
AACGTT,541
GATTAC,540
CTGGAA,540
TCTGCA,540
ACTTGG,539
ATTCGA,539
TGGTGA,538
TTACAG,538
TTGCAG,538
AGTGCA,536
CTTCTG,536
CGTAAA,535
GCTATA,535
TACATC,534
GTTCCA,534
AGCTAA,533
TGATGG,533
ACATCT,532
TTGTGG,532
TCTCTG,532
TATGAC,531
TCTGCT,531
AAGTCA,531
GATAAC,531
TAATCG,530
CAACAT,530
AGTCAT,530
TAGCAT,530
GCTGAT,529
ATTGAG,529
TCTCTA,529
GATCTT,529
AGCAGA,528
TTGGTC,528
ACTCTT,528
CTTGCT,528
AGTTCA,528
GCTACC,528
CACTAA,525
TACGGT,525
GTTGTC,524
TGATGC,524
TCTTAC,524
TTCTAC,523
ATTAGC,522
ACGATG,522
ATGCTG,521
ACATAC,520
AACCAT,520
TCGATG,519
CTTTAC,519
TTCGAG,519
GTAGTA,518
AAACGT,518
TGAAGG,518
TCACGA,517
GTACAT,516
TCCTAT,516
CCTTTA,516
ATACCG,516
TAGTTG,516
GCATGA,515
CTTCCT,515
CATCTT,513
CTTTCC,513
CGATTA,513
GTACGG,513
TCCGTA,512
ACAACA,512
TGAGTT,512
GTCGTG,511
CCTATT,511
TTCGTC,511
TTAGCA,511
AGCTGA,510
TTTGGG,509
TCCTGA,508
TTCTAG,508
CGATAT,508
CTTCTA,507
CTGCTA,506
TGTAAG,506
GGAATG,505
TAAGGA,505
ATCACA,504
ACTACT,504
CTGATG,504
GAGAAG,503
ATAGAG,503
TTAAGC,503
TCCTTG,502
AACAGC,502
GTAACT,501
CAGTTC,501
CATGTG,501
GAGTAT,501
TAGTGT,500
CTGAAC,500
GAGTGC,500
TGCAAC,500
AGCTAT,500
CTCTTA,499
TCATAC,499
AATACC,498
GATGGA,498
CGTAAT,497
ACTCTC,497
TGAGCA,497
GGAGAA,497
TACCGT,496
ACTCAT,495
TACTAC,495
CCATTG,494
AAGAGT,494
GCTTGT,493
TTACGT,493
CACATA,491
TGAAGC,490
AGGATT,490
TCCTAA,490
GATTGC,489
ATACAG,489
TTAGCT,489
ACACTT,487
TCCACT,487
AACTAC,486
GGTATT,486
CTACAA,486
TTACAC,486
ATACCT,485
AGCTGT,485
GTGCTG,484
CAGAAG,484
GATACA,484
GAACAT,484
ACCAAT,484
ATTACG,483
CCATTA,482
CATCTG,482
GTTGGA,482
CAACTG,482
ATCAAG,481
TGCGAA,481
TGTCAC,481
AGCTTA,481
GTGTGA,481
TGGGAA,480
TCCTGT,480
GTCATC,480
GTCGAT,479
AAGATC,479
TACGAT,478
ACTGTG,476
GCAAAG,476
GTGAAC,476
TCTGTC,475
GTGCAT,475
GGTTAA,475
GCTTTC,474
CTAAAG,473
TACAAC,473
GTTAAC,472
CTTGGA,472
CTCATA,471
ATCAAC,471
ATTACC,470
ATAGTG,470
TGGCAT,469
CCTTTG,469
TTTACG,469
GCGAAT,467
TTCTCG,466
TATCCA,464
CATTGC,463
GTCACT,463
AACCTT,461
ATAGCT,460
GCAAGT,460
AAGGTA,460
GCTTCA,460
GTATGG,460
ACCGTC,459
CATTCC,459
GATACC,459
TCTTCC,459
GCAATG,459
CTTCAC,458
ATGTGC,458
AGATTC,458
GTGGTG,457
GTCTCT,457
CGTTAT,457
CTGTCA,457
TTGGCA,456
CACTTC,456
TCATGC,456
GACTTG,455
TACTCT,455
TCATCC,454
TTCGTG,453
ACGTTT,453
ACGAGA,452
GGATTA,451
CTGTAC,451
AAGCTG,451
AAGTCT,451
GATGCA,450
CTTCTC,450
AGTTGC,450
CTGAAG,450
TCCTTC,450
CGTTTA,450
TTGGCT,449
GTTCTA,449
CGTCGT,449
TGTTCG,448
TACACT,448
TACACA,448
GTGTGC,447
CCTTAA,447
TGACTG,447
TATCCT,446
AGGTGA,446
GTGACA,445
CAAAGC,445
TCTCTC,445
CTTGCA,443
AGACAA,442
AGTTCG,441
ACAGCT,440
CAACAG,439
AGAACT,439
AGTTAC,439
ATGGTG,439
CCTAGT,439
CACTTG,438
CCGAAA,438
AAGTGC,438
CCATAT,437
TTGCCA,437
TGCAGA,437
ACAAGA,436
AGTATG,436
CGGAAA,436
ATCCAA,435
GGTTTC,435
GGATAT,435
AATCAC,434
GCAGAT,433
GTCTGT,433
GTTTAG,433
TCCGAA,433
TACAGA,433
GATAGA,432
AGGATG,432
GTATAC,432
GATGAG,431
AGAAGG,431
ACTACA,430
ACAATC,430
GATTGG,430
TGCACT,429
ACACAA,429
GATAGT,428
TGTCGT,428
GTGCGT,427
CAATAC,427
AAGAGC,426
TTTCCC,425
TCCTCT,425
CTACTA,425
TAAGAG,425
TCGTCT,425
CCGTCG,424
CATACT,423
TACAAG,423
CGTCAT,423
AACCTG,422
AGTACT,422
TCAGCA,422
ATAAGG,422
AAACCC,421
TGGTGC,421
CTTCAG,420
CTGTGT,420
CGTTCT,420
AACTGG,420
ATACCA,419
CTCTGA,419
GACATA,419
AGGAGA,418
ATATCG,418
CCTGAA,418
CTCTAA,418
CAGATG,417
CTCTTG,417
TCTACT,417
TTCCGA,416
CTTCGT,416
AGAACA,416
TGCAAG,416
AGCGAA,416
GAACTA,415
GCATTC,415
TTTCGG,415
CTCCAA,414
AGAGTT,414
TAGAAG,414
AGAGTA,414
GAAACG,412
CTCAGT,412
ATATCC,412
GTCATG,412
TACGAA,411
TGGCAA,411
TCTGGA,411
TGCGAT,411
CGTTCA,410
GATGGT,410
GTTCAG,410
ACAAGT,409
AGTGGA,409
ACTGGA,408
ATGTGG,408
GAACAG,408
AGATCA,407
CATGCT,407
ACCTAT,407
TGCCAA,405
AAACCG,405
GAATGG,405
AGGATA,405
GTGCTA,405
TGGCTT,405
AGGTAA,405
CGAATG,403
AGATGG,403
TATAGC,402
ACTCAA,402
CCTTTC,401
AAAGCG,401
GTACGA,401
TGGTTC,401
ACTTGC,401
GCTGCA,401
AACTCA,400
TGAACG,400
CTGGTT,399
AAACGG,399
CGGAAT,399
AGAAGC,398
GCAACA,398
ACCTTA,398
TGTCTC,398
TGTCAG,397
CGAGAA,397
AAGTAC,396
ACTCTG,396
ACACTG,395
TGCATC,394
GTACTG,394
AGTCAA,394
TGAGGA,393
TTTGCG,393
TCTGGT,393
ATGTAG,393
TTACGA,393
TAAGCT,392
ATACAC,392
CGAGAT,392
GGTGAT,391
TTTAGC,391
GAAGGT,390
GTTCGA,390
GGAATC,390
GATCTG,390
CTGATC,390
GAGCAA,389
AGTAAC,388
ATCGTA,388
ACAGCA,388
CTAACT,388
GACGAA,388
ATCTGC,387
GTTCAC,387
TCATCG,387
TAGTAC,387
GTTAGA,386
AGACAT,386
ATTGGC,386
AAGGAG,386
TGCGGA,386
CGAAAG,385
ATGGCA,385
TTGTCG,385
TGGAAC,384
TGCTCT,384
CTCTAT,383
GAGGAG,383
AGTTGG,383
TGAACC,383
GATGCT,382
CATCTA,382
AACAGG,382
CCAATT,382
CCACTT,381
CCATCA,381
GCTCAA,381
CAGTCA,381
CCTGTT,381
TGTCTA,381
TGTGCG,380
GTCTAT,380
CATCAG,380
CCGTTT,379
GGGAAT,379
TGCGTT,379
TTGGAG,379
CGTTTC,379
ATCCTA,379
GTTGAG,378
ACAAGG,378
TGGTCT,378
TAGATG,378
ATTCCG,377
CAAGGT,377
CATAAG,377
AATCCG,376
GCGGAA,376
TACTCA,376
GAATGC,376
CTCATG,376
CACTGC,376
CACGAA,375
CTTCCA,374
ATGAGC,374
GTTCGT,374
GAAAGC,374
CTGGAT,373
GGAAGT,373
CGTTTG,373
ATGGCT,372
CATTGG,372
CCTCAT,372
TCACCA,371
GTTAGT,371
CATCTC,371
GGATCA,371
CTTGAC,370
ACTTCC,369
TTCCCT,369
GAATAG,369
CCTTGT,368
GCGAAA,368
TGTCTG,368
CTATCT,367
CAGGAA,367
TGAGAC,366
GTAGAT,366
CTACCA,365
TTTGCC,365
GTAAGA,365
CGTATA,365
GTCAGT,364
AGTGAC,364
TCCAGT,364
GAACGA,364
AGTGCT,364
ATGTCG,364
GGCTGT,364
ATCGTG,364
GTCTTA,364
GATACT,363
CAACGA,363
TTGTCC,363
GCAATC,363
GCTATG,363
TCGCTA,363
CTGTAG,363
TTGGGA,362
ATCCAC,362
AAGTGG,361
AGAGAG,361
AATGGC,361
CATACC,361
AGTCGA,360
AGTACA,360
TGGTCG,360
ACTGGT,360
CGCTAT,360
GGTGTT,360
AGGTTA,360
GAGAGA,359
TTCCAG,359
GCAACT,359
TGCCTT,359
AGAGCT,358
CTTGAG,358
GAATCG,357
TACTGG,357
CATTAG,357
GGTATA,357
CAAGCA,357
ATGCTC,356
AGTGGT,356
TGCCAT,355
AGTCTT,355
GTCTCA,355
TCTCAG,355
ATCGCT,355
CGTGCT,354
ACTTAC,354
GCTGAG,353
GGAACA,353
CTCACA,353
ACGTTA,352
TTCGCA,352
TCGAGA,352
TCGAGT,351
TACGTT,351
GGGAAA,351
GTGTTC,351
CAATGC,351
CCTTCT,350
CCTGTA,350
TTCAGC,350
TCGGAA,350
GCAAAC,350
CAAGTG,350
GCAGCA,349
GTTCCT,349
ACTGTC,349
TTTAGG,349
ACACGA,348
CTTACA,348
CCCAAA,348
GGTTGT,347
GGCTTT,346
TTGCGA,346
CTCACG,346
CATCGT,345
TAGTTC,345
TCGATC,345
TGCCGT,345
CATCAC,344
TTCACC,343
AATACG,343
ATCAGC,343
TCATGG,342
TACGGA,342
CGATTG,342
CGTGAA,341
CACATG,341
CCAACT,341
TTTCGC,341
TCTTCG,341
CAAGAT,341
ATGCGA,340
CAACCA,340
GTTTCG,340
GCACTG,339
CCAGAA,339
TTAAGG,339
TCTCCA,339
ATTGCC,338
ACGTAA,338
ACATGC,337
TTGCCT,337
TCCATC,337
CCTTGA,336
CTAAAC,336
AGCAGC,336
GATGTC,335
AGCTTG,335
TAGAAC,335
ATTCGC,333
CATTCG,333
TCATAG,333
GCAAGA,333
CGAAGA,333
CTTGTC,333
AGTGTG,332
CTCCTT,331
GAGCAT,331
CATCCA,330
CCAACA,330
ACGCAT,330
TGTCCA,329
GCATGT,329
TATGCG,329
GCTGCT,328
CTGTCT,328
CCTAAT,328
CCTAAA,328
CACGAG,328
AACTAG,328
GGCAAT,327
TCCTCA,326
TCTACA,326
CTCACT,325
TGTGAG,325
CATGTC,325
CTAATC,325
CGCATT,324
GAACCT,324
CAGTGG,324
GGCAAA,324
GCGTTT,324
CAATAG,324
CTTAAC,324
AAGACT,324
CTCTTC,323
CGACAA,323
TCTAGT,323
CATAGT,323
TGGCTA,322
GCTTGA,322
ACGAAG,322
CTAGAA,322
TCTCGT,321
TAGTGC,321
ACACTA,321
CTACAT,321
CTAAGA,321
GGACAA,320
AGTATC,320
GGAGGA,320
GAAGCT,318
GACTTC,318
TCGTGC,318
GCGTTG,318
TAGAGA,318
GATTAG,318
CTTGGT,317
GATCTA,317
CAGAGA,317
CAGCTG,317
CTATAC,317
CCACTG,317
ACCAGT,316
TTAGGA,316
TTGGGT,316
GCTTCT,316
GTCAAC,316
AAGGTG,316
CACGAT,315
GCACTT,315
CCAGTT,315
ATACGA,314
CTCAAC,314
ACGGAA,314
GTATGC,313
CCTATA,313
TTGCAC,312
CGAAGT,312
GATGAC,312
TCTAAC,311
TCCGTT,311
TTCACG,311
TGCACA,311
AGGATC,310
TTTGGC,310
GATCGA,310
GTTACC,310
CTTTGG,309
GACTAT,309
AGCAAC,309
GCTCAT,309
ACCTTC,309
AGCGTT,309
TGATCG,309
CTGTGC,309
AACCTA,307
ATAGAC,307
ACCTGC,307
TAAGTC,307
GAAGTC,307
ATACTC,307
CTTTCG,306
ATGCCA,306
TTGCGT,306
GCCAAT,305
TAGCTG,305
GACTGT,305
TCGCTG,304
GTGATC,304
TGAGAG,304
CTAGTA,304
CTTCGA,303
CATAAC,303
TGTCCT,303
GTAGTG,303
AGCTTC,302
TGACTA,302
ACTTCG,302
CAGTCT,302
TCTCCT,302
TGTACC,302
CGAGTA,301
CTTAGT,301
CTTTAG,300
GGTCGT,300
TACCTC,299
CTCTCT,299
GAGTTA,299
GGTTCT,299
AGCCAA,298
AGATCT,298
TGGTCA,298
TCACTC,298
TTCTCC,297
TCTAAG,297
ATCTCC,297
AAAGGC,297
CGTAAC,297
AGTGCC,297
GTCTTG,297
TAGGAA,296
TGTAGC,296
TCTGAG,296
AGTTAG,296
CATGGA,296
ATGTCC,296
CTCCAT,295
AATGCC,294
GAGCAG,294
TATACC,294
CGGAAG,294
TTCCCA,294
CAGCTT,294
ACCATA,294
CGCTTT,294
CGATCA,293
AACCCC,293
GCTACT,293
CTGGTA,293
TGCTCC,293
GAGCTG,292
TTAACG,292
TGTACG,291
CCCTAG,291
TGGAGT,291
GGAAAC,291
TGTGAC,290
AAGGTC,290
TTCGGA,290
AACACG,289
TTAACC,289
TTGAGC,289
CCGTCA,288
TCGAAG,288
TAACCA,288
CCGTAC,288
GTCTAA,287
CTACTG,287
AGTTCC,286
ATGCAC,286
TACAGC,286
GGCATT,285
CCACAA,285
AATGCG,285
CTCGTT,285
TAGTCA,285
CACTCA,285
ACGTGA,284
TTGAGG,284
TCCACA,284
GCTCTT,284
GATCCT,284
CGTGTA,283
GTGGTA,283
GTAGCA,283
AGTCAC,283
TCGTGA,282
TCAACC,282
ATTGCG,282
TGACAG,281
GCTGTG,281
CTAAGT,281
TAGGTT,281
GGTATC,280
TAACGA,280
GCACAT,280
ACGGAT,280
TGGAGA,280
GCATAC,279
GTCGTA,279
GGATTG,278
TCAGAG,278
ATGGGA,278
CATCGA,278
TCCCTT,277
TAAGAC,277
AACGTA,277
GGTGTG,276
CCGAAT,276
ACCACT,275
GTCACA,275
GCATCA,274
GAGTGT,274
ATACGT,274
GACGAT,273
ACTAAG,273
CTAGCA,272
TTAGTC,270
GCATCT,270
GACAGT,270
AGCATG,270
TGAGCT,269
CACAGA,269
GCTTAC,269
CACCAA,269
CCTGAT,268
TAGTAG,267
TCTAGC,267
TCGGTT,267
CGTTGA,267
CTGTGG,267
TTAGAG,267
TCAGGA,267
ATGGAG,266
GCCGTT,266
GTTGAC,266
TTAGGT,266
TGTGTC,266
ATGCGT,265
TCACAG,265
TTCGGT,265
AACGGA,265
AATCGG,264
TGTCGA,264
CACATC,264
ATCGTC,264
GTGGTT,264
AGACGA,264
ACTGAC,263
ACGAGT,263
TACCAC,263
GTCTGA,262
GAGAGT,261
CCAAGA,261
GACTAA,261
AGTCTA,261
CTCGAT,261
AATCGC,261
CATCCT,260
TAGCAG,260
TAGATC,260
CCGTTA,260
GGATGT,259
CGTCTC,259
CTGCGA,259
TGACGA,259
ATCCGA,258
AAGGCT,258
AGGTAT,258
GGAGAT,258
AGAGCA,258
GAGCTT,257
ACAAGC,257
TACCTG,257
ATCGGA,256
ACTAGT,256
TAGAGT,256
AACGAG,255
GTACCT,254
GGTTGA,254
GGTCAT,254
TTGACC,253
CGTGAT,253
GATCAG,253
GGCATA,252
GGACGA,252
TACCTA,252
CGATGT,251
GCGATT,251
ACATCC,251
GAGTTG,251
CGCAAA,251
CCTCTC,251
TGCTGG,251
ACCTGA,251
TAGTCT,251
ATTGGG,250
ACTGCC,250
GAGACA,250
GTGAGA,250
GAGTGA,249
CGGATT,249
TATACG,249
ATCCTC,249
TACGTA,249
AGATGC,249
GTACAG,249
TAAGGT,248
ACAGGA,248
ACTGAG,248
TAGAGG,248
GTAGGT,248
GCCTTT,248
GAATCC,248
AGCACT,247
AAGGCA,247
TCTAGA,247
GCTAAC,247
TGGTGG,246
AGAGTG,246
AGCACA,246
CAAAGG,246
GACTGA,246
GCCATT,246
CATAGA,246
GTCAAG,245
GTTGGC,245
TCCAAG,245
TATCGC,245
TCGCAA,245
CGCAAT,245
CAGCAT,244
ATAACC,244
AGGGAA,244
GTCTTC,244
ACCGAT,244
CAGCAG,243
ATGGGT,243
AACCGA,243
TAACTC,243
CAATCC,242
AGGAGG,242
CTATGC,242
AAAGGG,242
TAGCTA,242
GCGATA,242
ACCTTG,242
TAGGTG,242
AAGGAC,242
CAGTCG,241
CGTTCC,241
TCTCGA,241
CAAGGA,241
AAGCGT,240
GAGACT,240
CCTCTT,240
CTCGAA,240
TACCAG,239
GATACG,239
AAGCGA,239
AGAACG,239
CACAGT,239
CAACGT,239
TACGTG,238
AGTAGC,238
GAGCTA,238
TCCGAT,237
GTGTCA,237
ACTCTA,237
TGGTAC,237
AAGTCG,237
GTGGAT,237
CCTTCA,237
GACATG,237
GAAACC,236
CCATGT,236
CCGATA,236
AGAGGT,236
GCACAA,236
AATAGG,236
TTGGAC,236
CGTACG,235
CCATTC,235
CGAACA,235
ACGAAC,235
TAGAGC,235
TCCGTC,235
CATGGT,234
AAGGGA,234
GCAGCT,234
CAGCTA,234
GGTTCA,234
TCTTAG,234
TACGCT,234
CCTATG,233
ATGACG,233
GGCTTA,233
AATGGG,233
AGATAG,233
AGTCTG,233
AAAGCC,233
AAGACG,232
TATGGC,232
ATAACG,232
CTGACT,232
CAATCG,232
GCCAAA,232
TGACTC,232
TCCACG,231
TGGCAG,231
TTGGGC,230
TGGGAT,230
GTGCTC,230
TGCAGC,230
ATCCTG,229
GTATAG,229
CCACTA,229
GGTGCT,229
ACCGAA,229
TCCAGA,229
CCAACG,229
GCTTCC,228
TTCAGG,227
ATCCGT,227
CAGTAG,227
TGACCT,227
TCGCTT,227
CCAGAT,227
GCTACA,227
ACATAG,226
CACTCT,226
AGTCGT,226
GCTGGA,225
ACCTAA,225
CTGCAG,225
TCCTAC,225
TAGGAT,225
GCTCCA,225
CTTAGA,224
CGAACT,224
AGCTCA,224
GTCCTT,223
CTCAGA,223
CCTCCA,223
TATGCC,223
ATAGGA,222
TGACGT,222
TATGGG,222
TCCCAA,222
GGATGC,222
TGGGCA,221
TCGGGC,221
CTGCTC,221
TGACCA,221
TTCCGG,221
ATCTGG,221
GTCCAT,221
GCTAGT,221
TACGAG,220
CGGTAA,219
AGTGTC,219
CGCTGT,219
ACGTAT,219
ATGCCT,219
CCACAT,219
GGGCTG,218
CGGGCT,218
CCAGTA,218
ATTCCC,218
GGTCTT,218
GGATTC,218
CCAAAC,218
ACAGAG,217
GACAGA,217
ATGCCC,217
ATCCAG,217
GCTCAG,217
GGTGCA,217
TGGTAG,216
ACTGCG,216
CTGCAC,216
CTGCGG,216
GTAGAG,216
CTCATC,216
CAGAGT,216
CCCTGT,216
TCAAGC,215
CGTCAA,215
TTGACG,215
CCAATG,215
GAGTTC,214
TCGCAT,214
GATAGC,214
GTTCGC,214
CGCATA,214
TTACGC,214
GACAAG,214
ACAGGC,214
ACGTTC,214
GCGACA,213
AAGCCA,213
GAAGAC,213
GATCTC,213
GGTAGA,212
TGGGTT,212
GTAGCT,212
GTTGCG,212
CCAGTG,212
AACCGT,212
GTCGAA,212
CCAAAG,211
AGACAG,211
GCATGC,211
GTTGCC,211
AGCCAT,211
AGTCTC,211
CCTGCA,211
ACTCAG,210
TCAGCT,210
GCCATA,210
AGGTTG,210
TCGTCA,210
GAGGAT,210
CTAACC,210
CCTACT,209
CGGATA,209
ATGGTC,209
TAACCT,208
CTTAAG,208
ATTCGG,208
GTGCCG,208
GGTTGC,208
AGGCTT,208
ATTAGG,208
GTCGGG,208
ATCCCT,207
GTGTCT,207
AAGCTC,207
TCCCAT,207
TGACAC,207
CTAGTG,206
CATGAC,206
TTGCGG,206
CCAATC,206
TAACGT,206
TGTCGG,205
GATCGT,205
CCTGCG,205
CAGATC,205
GAACCA,205
CGGACA,205
GTACCA,205
CTTACG,205
TGGCTG,205
TCAGCG,205
CTGAGT,204
ACTCCA,203
CCATGA,203
ATGACC,203
CTCTCC,203
GTCCAA,203
CACCTT,203
GGAGTT,203
CGCATG,203
GTTAGC,202
CCTCAA,202
ACTTAG,202
CGAATC,202
GCTTAG,202
CGAGTT,202
ACACAG,201
ATGAGG,201
ATACGG,201
GGAACT,201
CGATAC,199
CGTTAC,199
ATCTAC,199
TCCAAC,199
ACACTC,199
GTATCG,198
ACCATC,198
GAGGTA,198
CCACCT,198
ACAACG,197
TTACCG,197
ACCTGT,197
TTCGAC,197
GCATGG,197
GAAGGC,197
TAGCGA,196
CGATTC,196
CAACTC,196
CACCAT,196
GACCAA,196
TGCCCA,195
GAACAC,195
GGCAGT,195
CAGTAC,195
GCTGTC,194
TGGATC,194
AGATCG,194
CACAAC,194
GGTATG,194
TATCCG,194
CGATCT,194
AGCTGG,193
TCAACG,193
GGAGTG,193
AGTGCG,193
AACTCG,193
CCGTAG,193
CGTAGG,193
CGTTGC,192
ACGGAC,192
AGGTAG,192
ACTCGA,192
TAGCAC,192
AGCGAT,192
ACCGTT,192
TACTAG,192
CAAGAG,192
CACGTT,192
CTGGCA,192
AGGAGT,191
TGGACA,191
GAACGT,191
GTTCCG,191
AGCTCT,190
GACACT,190
TAGACA,189
GACAAC,189
GTACAC,189
ATCAGG,189
CAACCT,189
CGTCTT,189
AATCCC,189
CAGTGC,188
TCCGCA,188
AAGCAC,188
GGGTTT,188
GGTGTA,188
ATAGGT,188
CTACTC,187
CTGCCA,186
ACTCCT,186
CTGAGC,186
ATCTAG,185
GCTCTG,185
TACTCC,185
GTGCAG,185
CAAGCT,184
AGACTA,184
CTGGTC,183
CAATGG,183
CCGGAA,183
GCACAG,182
ACGATC,182
TGGAGG,181
CCCATT,181
GGGAAG,181
CAAACG,181
GCAAGC,181
TCTGAC,181
GTTGGG,181
GGTCAA,181
AGGCAT,181
GATGGC,180
ACCGCT,180
CTATCG,180
CGACTA,179
CGATCC,179
TGGACT,179
GCATAG,179
CTTGCC,179
GCACTA,179
TGCCAG,179
AACGCT,179
GTGCGA,179
ATCCCA,179
GGTCTG,178
ACGTTG,178
AGGTCT,178
GCGTAA,178
GTGACT,177
AAGCCT,177
CTCGTA,177
ACATCG,177
GAACTC,177
CACTAC,177
TCACGT,177
CCCCAA,176
AGGTGT,176
ACGCTT,176
CAAACC,176
TCAGGT,176
ATAGTC,176
CGACAT,176
GTGGTC,175
ACTAGA,175
GGTGGA,174
TTGCCG,174
TGCGCT,174
TCGACA,174
TACCGA,174
AACCAG,174
AGGCAA,174
CCCTTT,174
CCTTGC,173
TCCCTG,173
ATACCC,173
TCTTGG,173
CATAGC,172
GCAGTC,172
ATCGGT,172
GGTACA,172
CGCTGC,172
CCATCT,171
AACTCC,171
CACAGC,171
GTAGTC,171
GCTTGG,171
TGGGTA,171
GACGTG,171
AGCGGA,171
AGTACC,170
GCTGCC,170
CTCCTG,170
ACCACA,170
CTGTCG,169
CCAAGT,169
TCCTGC,169
GAGCGA,169
GGAGTA,168
GCTGGT,168
TATCGG,168
ACCTCA,168
GCACTC,168
GATTCG,167
GATCAC,167
GCGTAT,167
CCTGAG,167
GGCTGA,167
TCGGTA,167
CAGGTT,167
GGTGCG,167
ACTAGC,166
TGCGAC,166
GACTCA,166
GCCTCA,166
TGGGTG,166
TGTGGG,166
GGTAAC,166
CGGATG,165
TTACCC,165
CCATAC,165
CCGCAT,165
AGCTAG,165
CTTAGC,165
GGAAGC,165
CGAAAC,165
AACGTG,165
ACGTCA,164
GGATAG,164
TAGGTA,164
CACAAG,164
TCGGAT,163
GATGCC,163
CGCTTA,163
AACCAC,163
GCTATC,163
CAGCCA,163
CGCTGA,163
ATCGAC,163
ACCAGA,162
GGACAT,162
CCTAAG,162
CCGTAT,162
TTACGG,162
CTATAG,162
AACGAC,162
GCGTTC,162
GGCGCA,162
CGGTAT,161
AGACGT,161
GTAACG,161
GGCTAG,161
TCCGGT,161
TAAGCG,161
TGTGCC,161
CTCAGC,160
TGCGTA,160
AGATCC,160
GCCGAA,160
CAGCGA,160
CAGACA,160
CCTCCT,160
GTGCCA,160
TGAGTC,159
CAGCGT,159
ATCGCA,159
CTGCCG,159
ACCATG,159
TATCCC,159
GGTGGT,159
TGGACG,158
TGCCAC,158
CAGGTA,158
CGGTGT,158
TACGCA,158
TGCCTA,158
CTAGCT,157
GACCTT,157
ATCTCG,157
GCGAAG,157
ACCACC,157
GGAGCT,157
TACTCG,157
GTGTAG,156
TGCGTG,156
GGCTAA,155
ATCACG,155
GTCAGA,155
GTGTAC,155
CTGTCC,155
AGACTG,155
GTCTAC,155
GCTTGC,155
ACCTCC,154
ATGGAC,154
CGAGTG,154
AGACCA,154
TCCGGA,154
CCCATA,153
TCTACC,153
CATCCC,153
GCCTTA,153
GCAAGG,153
AACGGC,153
GTGGAG,153
CCCCTC,153
GATTCC,152
GTGCCT,152
CAGCAC,152
TACACC,152
CCCTTG,152
CATGAG,152
CTGGAC,152
CTCTGC,152
GAGCCA,151
CTCCAG,151
TAGCTC,151
TCGTAC,151
GGCACT,151
CCGATT,151
ACAGTC,151
CTATGG,150
GTGGGA,150
AGAGTC,150
AACGCA,150
TGGAGC,150
ACGCTG,150
TACCCT,150
CGTGGT,150
ACCCTG,150
CACGCA,149
AGTCAG,149
ACGTGT,149
GGCTAT,149
TAGACG,149
CTACCT,149
GTGGCA,148
CGAAGG,148
TGCCGA,148
GGTCTA,148
CCAGCA,148
ACGACA,148
TAACCG,148
CGTACT,148
AGCATC,148
GTGAGC,148
TCGCAC,148
CTACAG,148
GCTTCG,147
CGCAGT,147
ATAGCG,147
CCTGTC,147
CTTCCC,147
TCGCTC,147
TCGTCC,147
AGGAAC,147
CCGTAA,147
GGGATA,147
AGCCTT,146
CTGACA,146
CTCCTA,146
AGGACA,146
CTTCGC,146
TGCCTC,146
TAAGGC,145
CATCCG,145
GACACA,145
TGCAGG,144
CCTTCG,144
CAGAAC,144
AACGTC,144
GCGCTT,144
GCAGGT,143
CGATGG,143
GCCAGA,143
ACCTAC,143
CAAGAC,143
CGTATC,143
AAGCGC,143
ACTCAC,143
TAGACC,143
GCTCTA,143
GGTAGT,143
TCCGAC,143
CGTTCG,143
CATGCC,143
ACAGCG,143
ATCGAG,142
TCACCT,142
TAGTGG,142
CCGCAA,142
TAAGCC,142
ACCTCT,142
ACAGAC,141
GGATGG,141
CCTTCC,141
GACTCT,141
ACAACC,141
TGGGTC,141
ACTCGT,141
AGGTAC,141
TTCCCC,141
AACGGT,141
CAGGAT,140
CCGATC,140
AGCCTC,139
CAGCTC,139
GCGCAT,139
TGTCCC,139
CCCTCC,139
CTCTAC,139
AGACAC,139
CGGCAA,139
GCCACT,138
GAGAAC,138
GTTCCC,138
CTAAGC,138
AGGCGT,138
GAGTGG,138
AGGACG,138
GAACGC,137
CTGGGA,137
GAGCGG,137
GAGAGG,137
TCCACC,137
GGATAC,137
GGACTG,136
CCTTAC,136
ATCCGC,136
TGAGCG,136
CGCTAA,136
CCCGAA,136
TCCCTC,136
GAGATC,136
CCTCTG,136
GTAAGC,135
GGCAGC,135
ACTACC,135
CGAGCA,135
AGGGTT,135
CGCACT,135
GACCTA,134
AGGCTG,134
TAACGC,134
GGTTGG,134
GAGTCA,134
CGATGC,134
GGTACT,134
CACACA,133
CACCAC,133
GTGCAC,133
CTCAAG,133
CCGAAG,133
GCCAGT,133
CACGGA,133
CGTATG,132
TTGCGC,132
TCGAAC,132
CTCGCA,132
ACCGTA,132
CGAGAG,132
AAGGGT,132
CGCGTT,131
CCGTTC,131
TGAGCC,131
CTTGGC,131
AGCGTA,131
TCTGCC,131
TACACG,130
ACCAGC,130
AGCTGC,130
TGGGAG,130
TGAGGC,130
TGTCGC,130
GGAGCA,130
GCCAAG,129
ATAGCC,129
GTGACG,129
GACCAG,129
GACAGC,129
TGCCTG,128
GCCATC,128
CCTCTA,128
CTTACC,128
GGTAAG,128
TTAGAC,128
CGCACA,128
GCGCAA,128
GTTCGG,128
GCCTAT,127
CGGTGA,127
GGCTTG,127
ACGCAA,127
GCTAGC,127
TACCGC,127
CACCAG,127
GTCGGA,127
ACCGGA,127
CTCCAC,127
GCGCGG,126
CCGAAC,126
GATGCG,126
ACCCAT,126
CATGGC,126
AACCCA,126
TCCCCT,126
GGGTCA,125
GACTGC,125
GTCAGC,125
GACGAC,125
TAGCCA,125
CGACTT,125
GTTACG,125
CCTTAG,125
GCTAAG,125
CACTCC,125
TCGACT,124
CCGCTT,124
CCACAG,124
CTAGTC,124
GCCTAA,124
ATCACC,123
TCCCAG,123
GTCCTA,123
GGGGAA,123
GTCTGC,123
CCCAAT,123
CCCTTA,122
GCTCCT,122
ACGTGC,122
CGGAAC,122
GTCCTG,122
GCGGTG,122
AGTCCG,121
TCGGCA,121
CAACAC,121
TCACGG,121
ACGACT,121
GCCGGT,121
TCAGCC,121
CCCGTT,121
GGGTAA,121
GAAGCG,120
AACCGC,120
GCCAAC,120
TGTCCG,120
CCACGC,120
TGCACC,120
GTATCC,120
GAGAGC,120
CCGACT,120
ACTGGC,120
TTAGCG,119
AGCGCA,119
CAGGCT,119
GGCGTT,119
CTACAC,119
GTCCGA,119
GCATCG,119
CGGTTC,119
TCTCCC,119
CCCCCA,118
CCACCA,118
AGTCCT,118
CGTAGA,118
GTACTC,118
CGTCCT,118
CGTTAG,118
ACCAAG,118
GGAGAC,118
AGGTCA,117
AGGACT,117
GCAACG,117
GGTCAG,117
CGCTCT,117
GATGGG,117
GACGTT,117
TCGGTG,117
GGACTT,117
TCGGAG,117
AGAGCG,117
GCCGTC,117
AAGACC,116
GGCATC,116
CAAGTC,116
TCGGCT,116
AGCCGT,116
AGGCAG,116
CAGGTG,116
CCAGCT,115
ACCCCT,115
GTAAGG,115
CGCGGT,115
TGCGCA,114
CCCTCA,114
CCGTTG,114
CATACG,114
GCAGGA,114
GTGGCT,114
TGCTCG,114
CAGGAC,114
CCTCAC,114
GCTGAC,114
GAGGTG,114
ACTACG,114
CACTGG,114
CTCTAG,114
GCGAAC,114
TCTGCG,114
GGTCGG,113
CGTCTA,113
CATAGG,113
CGGAGT,113
AGTGGG,113
ACATGG,113
TAACGG,113
ACACCA,113
GGGATT,113
GTGGGT,113
AACGCC,113
TACAGG,113
CGTACA,113
GTGTCC,112
TTCGGC,112
GACATC,112
GGCGTG,112
TCAAGG,112
TCCCAC,112
CTGACC,112
CTAGAC,112
GGTCGA,112
GACCAT,112
GCGCAG,111
CGCAAG,111
CTCGTG,111
CCACGA,111
TCCCTA,111
CCGATG,111
CGCATC,111
CGACAG,111
CGTGAG,111
GGTGTC,111
TAGCGT,111
CCGGTG,111
TCCTAG,110
AACCCT,110
ATCCGG,110
GAGGTT,110
CCTGTG,110
TCGCGA,110
CCAGTC,110
ACGAGC,110
ATACGC,110
GCATCC,110
CACCTG,109
CTCCTC,109
GTCGGT,109
AGAACC,109
TCGCAG,109
GCGTTA,109
CTCACC,109
CGGTTG,108
GTGTCG,108
CGGGAA,108
CCGGTC,108
GTACGT,108
AAGCGG,108
GCGTGA,108
TAGTCC,108
GGGCAC,107
CCTGCT,107
TCCGCT,107
TAGGAG,107
AGGTTC,107
GGGAGA,107
CTGGAG,107
CCCTAT,106
GGTGAC,106
TCTACG,106
CGACGA,106
ACCCGA,106
GAGTAG,105
TCACAC,105
ACGTCT,105
CGGTTA,105
CCGCTG,105
TAGTCG,105
CCCAGA,105
TTCGGG,105
GCTGCG,105
GCGGAT,105
TCCTCC,105
CAGGCG,105
GCCCTT,104
GCGGTT,104
CCCACA,104
GCCTGT,104
GCGATG,104
TGTAGG,103
GGAACG,103
ATCGGC,103
AACACC,103
GGCTCA,103
TAACCC,103
GGTAGC,103
CGGAGA,103
GAGGCA,103
GGCGTA,103
GCGTGG,103
GGCAGA,103
AACGGG,103
CTTCCG,103
TCCAGC,102
TCGTGG,102
GGAGGT,102
GGAGCG,102
GACGGA,101
GCGATC,101
CCTGGA,101
TCCTCG,101
CTGCGC,101
CCTACC,101
TCGACG,100
CCCATG,100
GACGCA,100
CACGTA,100
GACGAG,100
GACTAG,100
CTATCC,100
TTGGCG,99
CTGCCC,99
TCAGAC,99
AGCGGT,99
TGGCAC,99
TACGTC,99
AGCTAC,99
GCAACC,99
CCGGAT,99
TCGCGT,98
GTACCG,98
CGCTTG,98
GTTAGG,98
GGCGAA,98
CGAAGC,98
TCTCCG,98
GAGTCT,98
GATCGC,98
GCCGAT,98
AGGCTA,98
CTAAGG,97
GGCAAC,97
ACCTGG,97
TCTCGC,97
CACCGT,97
GTCCCA,97
CGATCG,97
CTGCCT,96
GGGTGC,96
CAGCGG,96
GCAGCG,96
AGAGCC,96
AAGCCG,96
ACACCG,96
GCACCA,96
TAGCCT,96
TCCGTG,96
GAAGCC,96
GAAGGG,96
AGCCAC,96
TCGGGA,95
ATGCGC,95
CTCTGG,95
ACGACG,94
ATGCGG,94
AGACCT,94
CTGGTG,94
GGCATG,94
CGGAGC,93
CCATAG,93
ATGGCG,93
AAGGCG,93
CCTATC,93
AGCGAC,93
AGTAGG,93
TGGGAC,93
GTCTAG,93
ACGAGG,93
AACCTC,93
ACACAC,92
ACGGCG,92
CCATGG,92
GTAGGA,92
CGGTCG,92
CAGGCA,92
CTCGCT,92
AGGGAT,92
GACCTC,92
TGCACG,92
GAACGG,92
TCAGGC,91
GGGTTG,91
GCCATG,91
ACGGCA,91
CGAGGA,91
CTGAGG,91
GGGTTA,91
CGCGAA,91
TACCCA,90
GGGCTT,90
CTACGA,90
ACACGT,90
GCCTTG,90
ACCCCA,90
TCGGAC,90
GCAGAG,90
CTCCCT,90
CTACGC,90
CCTAAC,90
TTAGGC,90
ACGGTA,90
TGCCCG,90
GCCCGT,90
GGTTAG,90
TAGGCA,89
ACGTAG,89
TCCCGT,89
AGGTGG,89
GCCTTC,89
GACCGT,89
CAACGC,89
GCCCAT,88
ACAGGT,88
TACGAC,88
ACTCGC,88
ACCGTG,88
CCCTCT,88
CGAGCT,88
TGCGGT,88
CCTCAG,88
TGGCGA,88
GTCCAC,88
CCTCGA,88
CTAGAG,88
TGACCG,88
GTCCTC,88
CGTAAG,88
CACAGG,88
GGATCG,87
AACCGG,87
ACGCGT,87
CACCTA,87
GCGGAG,87
TTCCGC,87
TTAGCC,87
TGAGGT,87
TATAGG,87
CAGTCC,87
CGCGAC,87
ACCCCC,87
GGACTA,87
CCTCGT,87
ACAGCC,87
AGCCTA,86
ACTGGG,86
CACACT,86
CATGGG,86
GATCGG,86
ACGTGG,86
CTTGCG,86
AGAGGG,86
GCTCGA,85
CGCTTC,85
GCGAGA,85
CCGCTA,85
GGTTAC,85
CCACGT,85
CGCTAC,85
GAGTCC,85
CTACGT,84
GGTCCA,84
TGCCCT,84
GACGTC,84
ACCCAA,84
GCCCAA,84
AGCGTG,84
GATAGG,84
GACACG,84
CTCCGA,83
TACCCG,83
GGTCTC,83
ACGGGA,83
GTGAGG,83
CCGACA,82
CCCACT,82
AGGTGC,82
ACGCGA,82
TTCGCG,82
GCTCTC,82
CGGGAG,82
GAGCTC,82
CCCAGT,82
TGCCGC,82
CGATAG,82
CACGTG,82
TTCCCG,81
ACACGG,81
CCTAGA,81
ACGCAG,81
CCGTGA,81
GAGGGA,81
CTAGCG,81
CTCCCA,81
AGTGGC,81
ACACCT,81
AAGTCC,81
ACCGCA,80
AGGTCG,80
AGGCGC,80
CGCAGA,80
GAGTCG,80
TTGCCC,80
GTCCGC,80
GCTGGG,80
GACTGG,79
CCGGTA,79
GTACGC,79
GACTAC,79
GACGTA,79
TGACGG,79
GCGGTA,78
CTCAGG,78
CCAACC,78
GCCGCA,78
CAACGG,78
TCGTAG,78
GGAGAG,78
GGGTAT,78
TCTGGC,78
TCCCGG,78
ATCGCG,78
ACGGAG,78
TGCGAG,78
CGTCTG,77
AGCTCC,77
CCTTGG,77
CGTTGG,77
CGTGCA,77
CCATCG,77
AGAGAC,77
GGTGAG,77
AAGGGC,77
GCCACA,77
ATCCCC,77
CAGACG,77
GCTACG,77
GACCTG,77
AGTCCA,77
ACGCTA,77
CACCGA,77
GGGCAA,77
TCCCCC,76
AGGAGC,76
GCTGGC,76
CCCCTA,76
GAGACC,76
GAGGAC,75
AGCGAG,75
AGCTCG,75
GTCTCC,75
CACTCG,75
ACAGGG,75
CCGTCC,75
GGTTCC,75
ATCGCC,74
GTCACG,74
CGAACC,74
GGACCT,74
CAGCCT,74
GCGCTA,74
GGTTCG,74
CTCCGT,74
CGCTCA,74
GTCGAG,74
GACCAC,74
CGACCA,74
CCATCC,73
GCACAC,73
GGGACT,73
CGAGGT,73
CTCCCG,73
TGGACC,73
GTAACC,73
GGGCAG,73
GTCGTC,73
GTAGCG,73
TGACCC,73
TCCAGG,73
GCGACC,73
ATGCCG,72
AGACCG,72
AGGACC,72
CGCCTT,72
GGTCAC,72
CCTACA,72
CGGTGC,72
CGTGTC,72
CGGCAT,72
CGCCAT,72
CGGTCA,71
ACGTAC,71
CCGTGT,71
ACCCTT,71
TAAGGG,71
GTCACC,70
CATCGC,70
GACCGA,70
GCACCT,70
CACCTC,70
GGACAG,70
GCCTCT,70
ACCTCG,70
CTGACG,70
GGGAGT,70
GTGCGC,70
GGGTGT,70
GTCGCT,70
GGAGTC,69
GAGGTC,69
ACGGGT,69
TGGGCT,69
CCAGGT,69
TACCGG,69
CTGGCT,69
CGGACG,69
GGCTGG,69
ACTCCC,69
CATGCG,69
CAAGGG,69
CGTCCA,69
GTCGGC,69
GCGTCT,69
TCTGGG,69
GCAGCC,69
CAGGGA,68
GTGACC,68
TGGGGA,68
GGTACC,68
GGGATG,68
GAGCCT,68
CCCTGA,68
CCGCAC,68
CTAACG,68
GGCACA,68
AGTCGG,68
AGGGCT,68
CGACTC,67
CTCGGT,67
CACGGT,67
CGTAGT,67
CAGGAG,67
TACGGG,67
CAAGCG,67
GGGAGC,67
CGCAGG,67
GAGCGT,67
CCCGTA,67
AGCCAG,67
TCGAGC,66
AGCGCG,66
CGAACG,66
GCCGTA,66
CGCGGC,66
CCAAGG,66
CGTGGC,66
GCCACC,66
GGATCT,66
CAGACT,66
CCCAAC,66
TAGGCT,66
TCACCC,66
CGACCT,65
ACGCCA,65
GCGACT,65
GCCCAG,65
GGGTGA,65
TCCGAG,65
CGCAGC,64
ATAGGC,64
CACCCA,64
GGCAAG,64
GGCTAC,64
GCTCAC,64
ACGCTC,64
AGGGGA,64
CACCGC,63
CGTGGA,63
TCACCG,63
GGTGGC,63
CCACTC,63
AGGGAG,62
TAGCGC,62
GGCTTC,62
ACCCTC,62
GTCCCT,62
GCACGT,62
ACTCCG,62
AGCCTG,61
AGACTC,61
GAACCG,61
TGGCTC,61
GGGATC,61
CTTGGG,61
GCTCGT,61
TCGCCC,60
CACACC,60
CCTGGT,60
GCCTCC,60
TAGCCG,60
GACCCT,60
GTGGAC,60
GCCTGA,60
CGTGAC,60
AGGCGA,60
CAACCG,60
CGAGAC,60
CCACCG,59
GGCCAG,59
AGCCGA,59
AGGTCC,59
CCGGTT,59
CGGCGC,59
CTCGAG,59
GAGACG,59
CGGCTG,58
TGAGGG,58
GGATCC,58
GGACGT,58
CCCGCA,58
CGTCGA,58
CCAGGA,58
CACTAG,58
GGGCGT,58
ACCGCC,58
CGGCTT,58
CTACCG,58
AGGCAC,58
ATGGCC,58
AGCGGC,58
TAGGTC,57
CTACGG,57
GTAGCC,57
GTCTCG,57
GGACCA,57
TCGACC,57
GTCAGG,57
GTCGCA,57
ACGTCG,57
GCGAGC,57
AGCAGG,57
ATGGGC,57
CCGCAG,57
GCGGCT,56
AGGGTG,56
TTGGGG,56
TACGCG,56
CCGAGA,56
CAGAGC,56
GGCCGG,56
CCTGGC,55
CGGCGT,55
GCAGAC,55
CAGCCG,55
ACTAGG,55
GTCCGT,55
GAGGCG,55
CTGGGT,55
ACGGTG,55
AGCGCT,55
GATCCG,55
AGACGG,55
CCCAGC,54
GGGTTC,54
GCCTGG,54
CGGCTC,54
GACTCC,54
CCAGAG,54
GCACGA,54
TGACGC,54
TCGGGT,54
ACCCAG,54
TGCGCG,54
GAGGGT,54
TCGTCG,54
CATCGG,54
GCGCGA,53
CTGCGT,53
CTTCGG,53
GCGGCG,53
CCCCAC,53
ACGCCG,53
ACCGAG,53
CTTAGG,53
CGGGTA,53
CCGAGC,53
CTCGAC,53
GGGCCA,53
GAGCAC,53
GGCGGT,53
CTAGGC,53
GGGCTA,53
GAGGCT,53
CAAGCC,53
CGCAAC,53
GGACGC,53
ACGCGG,52
GGGAGG,52
CGGCGG,52
CCCTTC,52
TCTCGG,52
CCCGAT,52
CGCGAT,52
CGGCTA,52
GCGAGG,52
TCTAGG,51
TGCGGG,51
TGCGTC,51
CCCTGG,51
CGCCCT,51
TGGGGT,51
AGCACG,51
GTCCAG,51
CCCCTT,51
CTGGGC,51
ATGGGG,51
GACAGG,50
CGGTGG,50
TGGTCC,50
ACCCTA,50
TCGGTC,50
ACTCGG,50
GGGAAC,50
ACGGCC,50
GCGCAC,49
GGACAC,49
GCTCGC,49
GGGACA,49
AGGGCG,49
GTAGGG,49
CGCCGA,49
GCCGTG,49
AGCGTC,48
CGTCGG,48
GGACTC,48
TCGCCA,48
GGCCGA,48
CTCGGA,48
AAGGCC,48
CTAGGT,48
GCGTCA,48
GTCTGG,47
CACGGC,47
GCTCCC,47
TGCCCC,47
CGGGAT,47
TCCCGA,47
CCCTAA,47
CCGAGT,47
TCGAGG,46
GTCGCC,46
TCCCCA,46
GTCGCG,46
GGCCTA,46
CACGAC,46
TAGGAC,46
GGCACC,46
TGGCGG,46
CCGGAG,46
CGCTCC,46
CCCATC,46
GGGTCT,46
CGACTG,45
AGCCGG,45
TAGGCG,45
CGGCCG,45
GGGCGC,45
GTCGAC,45
TAGGGA,45
CAGAGG,45
CTCTCG,45
GCCTAC,44
CGTACC,44
TTCGCC,44
GGGCGA,44
CGACGC,44
GTGCGG,44
TCCTGG,44
GGAACC,44
ACGCCT,44
CGGGCG,44
TACGGC,43
GGGCAT,43
CGCTGG,43
TTAGGG,43
GTCCCG,43
CGGGTT,43
CAGCGC,43
TAGGGG,43
GCCGGC,43
AGCGGG,43
CGTGCC,42
TGGCGC,42
TCCGGG,42
GGGTAC,42
CGCCAA,42
AGAGGC,42
CGCCGG,42
TGCGCC,41
GGCGAT,41
GGTCGC,41
GGCGTC,41
ACGGCT,41
GACCCG,41
CCGGGA,41
ACGACC,41
CCAAGC,41
GCACCG,41
GGCCCT,41
AGTCCC,41
CGACGT,40
GCCCTA,40
CGTCAC,40
CACGTC,40
CCGCCT,40
GACTCG,40
GGCTCT,40
CCGTGG,40
GACGCT,40
ACCTAG,40
GGTACG,40
CGGACT,39
TGCCGG,39
CCTCCC,39
ATAGGG,39
GCGTAC,39
ATCCCG,39
CTGGCG,39
CCGTCT,39
GCCCCA,39
TACCCC,38
TGGCCC,38
ACCCAC,38
GCCCAC,38
GGAGGC,38
CTCGTC,38
CCGTGC,38
CCCGGA,38
GGGTGG,38
ACCGAC,38
GGCGAG,38
CGCCGT,38
GCTCCG,38
ACCACG,38
AGGCTC,38
CGGGTC,38
CGTCAG,38
TCGCCT,37
ATCGGG,37
AGGCCT,37
GGGGTT,37
CGAGCG,37
GCGTGC,37
CCACAC,37
CGGCAG,37
ACCGGT,37
CCCACC,37
GGCGCT,36
GCGCTG,36
AGGGCC,36
AGACCC,36
TCGCCG,36
CGCGAG,36
CGTGCG,36
CCCCGC,36
CCCCAT,35
GCACGG,35
TCACGC,35
GCGCCA,35
GACGGC,35
CTCCGC,35
ACGGGC,35
ACACCC,35
GAGCCG,35
AGGGCA,34
GGACCG,34
CCCAAG,34
ACGTCC,34
TACGCC,34
CGTCCG,34
CGCCTC,34
AGCACC,34
GCGCTC,34
CCCAGG,34
GTCCGG,34
GGTCCT,34
GGTGCC,34
AGCGCC,34
GCGGGA,34
GCCTCG,34
AGGGAC,33
GCCGGA,33
GCCGAC,33
GCGCCT,33
CCTAGC,33
AGACGC,33
CGACAC,33
GGCGGA,33
CGCGCT,33
AGTCGC,33
CGGGCA,33
GGCGCG,33
CTAGCC,32
TAGGGC,32
GCGTCG,32
GAGGGC,32
CGCCCG,32
CCGCCC,32
CCCTGC,32
TCGGCG,32
GCGGCA,32
CTAGGA,32
CCAGAC,32
CCCCCC,32
GCCTGC,32
GGCCTG,31
GAGCGC,31
GGCCAA,31
CGAGCC,31
GGCCCA,31
CGTGGG,30
GCCCTC,30
CCCGGT,30
TCCGCC,30
CGGATC,30
GCGGGC,30
AGGGTA,30
GCCAGC,30
GCGAGT,30
CACGCT,30
GCGTAG,30
CACACG,30
GGGTAG,29
CCGGCC,29
TAGGGT,29
CGGCCT,29
CCACGG,29
TGGGCC,29
CGCCTG,29
CACCCT,29
ACGGTC,29
CCTGAC,28
GAACCC,28
GCTAGG,28
GCGGCC,28
GCCCCG,28
TAGCGG,28
AAGGGG,28
CCCGGG,28
GGCGAC,28
CCTCGG,28
CCTACG,28
GCGCCG,28
GACCGC,28
CCTGGG,28
GTGGGC,27
CAGGTC,27
CGCCAG,27
GGGGGA,27
CGGAGG,27
CGCGTC,27
ACCCGT,27
AGGCCA,27
CGAGTC,26
TGCGGC,26
AGCCCC,26
CCGGGG,26
GGTGGG,26
GGGGTG,26
CGGTAG,26
TGGCCA,26
CGCCCA,26
GTGGGG,26
GACCCA,26
GTCCCC,26
CCCGAG,26
CACCCG,26
CCCACG,26
CCCGCT,25
CAACCC,25
GGCAGG,25
AGGGTC,25
CGCCAC,25
CGGTCC,25
ACCAGG,25
CCCCGA,25
CTGGCC,25
GGGTCG,24
GGCTCC,24
GGCTGC,24
CCCCAG,24
TGGCCT,24
GGAGGG,24
GGGGAT,24
GCAGGC,24
TAGGCC,23
GTAGGC,23
CGGTCT,23
CGGGGG,23
GTACCC,23
GGTAGG,23
CCGGCA,23
CAAGGC,23
CAGACC,23
GCCGCT,22
AGGGGT,22
GCGGTC,22
CTCCCC,22
GCGGAC,22
TGGGGC,22
CGCTAG,22
CAGGCC,22
GCGGGT,22
GCGACG,22
TCCCGC,22
ACACGC,22
CCGCGA,21
CGGCCC,21
CAGGGT,21
CCTGCC,21
GCACGC,21
CCCCTG,21
CCCCCG,21
CACCGG,21
GCCAGG,21
AGCCCA,21
CTAGGG,21
GCCGCG,21
CGTCCC,21
GGGGAG,21
CGACGG,21
CGCGCA,20
TGGGCG,20
CGGCCA,20
TGGCCG,20
GGACGG,20
TCAGGG,20
TTGGCC,20
GATCCC,20
GGCACG,20
CTGGGG,20
TAGCCC,20
TCCCCG,20
GCCGAG,20
GGCCCC,19
CCCTAC,19
CCGGGC,19
GCCCCT,19
GGCCAT,19
CTACCC,19
CTCGCC,19
CGTAGC,19
ACCCGC,19
ACGCAC,19
CCAGCG,19
CGCGTA,19
TCCGGC,19
CGAGGC,19
GACGGT,19
CCGGAC,19
GCCGGG,19
CGCGCC,19
AGGCGG,19
GGCCGT,19
GGGTCC,19
ACCGCG,19
CGGGTG,19
GGTCCC,19
GAGGGG,18
GCCCTG,18
CGACCG,18
GGCCTT,18
CCTCGC,18
GGGGTA,18
GGGGCG,18
AAGCCC,18
CAGGGC,17
GACGCC,17
GACGCG,17
CCTAGG,17
CGCCTA,17
CGGCAC,17
AGGCCG,17
CGACCC,17
GGAGCC,17
GCACCC,17
TCGCGC,17
CGTCGC,17
GACACC,17
CTCCGG,17
AGCCGC,17
GTGCCC,16
CCAGGC,16
CACGGG,16
CGAGGG,16
CTCGGG,16
CCGCCG,16
GGGGCT,16
GGCCAC,16
GCCTAG,16
CCGCCA,16
AGGCCC,16
GAGCCC,16
GGCGGC,16
CGGGGA,15
CCTCCG,15
CGCACC,15
CCGACG,15
CCCCCT,15
GGGCCG,14
GGTCCG,14
AACCCG,14
CCAGCC,14
GACGGG,14
AGCCCT,14
GCCCGA,14
GGGCTC,14
TGGGGG,14
CCCGTG,14
ACCGGG,14
GGCCTC,14
CAGCCC,13
CGGTAC,13
ACCCGG,13
CCCTCG,13
CGCTCG,13
CGCCGC,12
GGCCGC,12
CGGCGA,12
GGGACC,12
CCGCGT,12
GCTCGG,12
CCCCGT,12
CCGAGG,12
TCGGGG,12
ACCCCG,11
GCGCGC,11
CGGGAC,11
GCAGGG,11
CGGGGT,11
GGGGTC,11
GGGACG,11
CCACCC,11
GCCCGC,11
CCGGGT,11
GGGCCT,11
GGGGCA,11
CGGGCC,11
ACGGGG,10
TCGGCC,10
CCAGGG,10
GGCGCC,10
GCCCGG,10
CCGGCG,9
GGGGAC,9
CAGGGG,9
GCCACG,9
GCGTCC,9
GGGCCC,9
CCGCTC,9
CACGCC,9
CACGCG,8
GCGGGG,8
GGGGGT,8
CGGGGC,8
CCGACC,8
CCGGCT,8
CCGCGG,8
ACGCCC,7
GACCGG,7
GGCTCG,7
CCCGTC,7
GAGGCC,7
CTCGCG,7
CGCGGG,7
CGGACC,7
GGGGGC,7
CGCACG,7
GCCGCC,7
GGACCC,6
GGGGGG,6
CGCGGA,6
GGGGCC,6
CCGCGC,6
CCCGAC,6
TCGCGG,5
GTGGCC,5
CCCGGC,5
AGGGGG,5
AGGGGC,4
TCCGCG,4
CACCCC,4
GCGCCC,4
CCCCGG,4
CCCGCC,4
CTCGGC,4
CCCGCG,3
GGCCCG,3
GACCCC,3
GGCGGG,3
GGGCGG,2
GCCCCC,2
AGCCCG,2
ACCGGC,2
