kmer,count
AAAAAA,97220
AAUAAA,35013
AUAAAU,22244
AUAAAA,22034
AAAUAA,22551
UAAAUA,13862
AUAAAG,6992
UAAAAU,14339
GAUAAA,8362
UAAAAA,14618
UAAUAA,11582
GAAUAA,7519
UAAAUU,12400
UAUAAA,8542
UUUUUG,8916
AAAAUA,13136
AUAAAC,4741
AAAAUU,16193
AAAAAU,16156
UUUUGU,6769
AAAUUU,16655
CAAUAA,5937
UGUUUU,6190
UGAAUA,5537
UUUGUU,6876
GUUUUU,5831
UAAAUG,5336
UGUAUA,3363
UAAAGU,3552
UUGUAU,3939
AUGUAU,4065
CUUGUG,1352
UAUUGU,4203
UGUAUU,3906
UAAAGA,3905
GGCUUG,927
AUUUUU,14411
GAAAUA,6557
UUGUUU,5916
AAAUAU,10836
UGAUAA,6952
UGUGUU,2017
UUAUGU,3301
AUUGUA,3586
UUGUGU,1951
GCCUCC,503
GUAUAA,2733
UUUUAU,10089
AAUUUU,13787
AUUGUU,4708
UUGUAA,3722
UUUGAU,5917
UAUGUU,3329
AUAUAA,6351
UUAUAA,6256
AUUAAA,8394
UUGAAU,5216
GCAUGG,915
UUUUUU,22844
GUGUUU,1811
UUGAUU,5389
UAAACU,3041
AUGUUU,4099
UUGGUU,2097
AUGAAU,5454
AAUGAA,6930
UAUAUU,6771
CAUGGC,820
AUAAUA,7825
UGUUGA,2653
AGCCUC,574
GCUUGU,1305
GUAUUG,1897
AGUAAA,3519
UUUGUG,2286
AAUUGU,3921
UUUAUA,6255
UUGUUA,3722
AAAUUG,5336
AUAUAU,8179
UGUAAU,3327
CCGUUG,768
AAAUGU,4279
CAACCG,767
UGUUAU,3440
UAAAAG,3685
AUAUGU,3272
UAUAUG,3354
GAAGAC,1200
UUUGUA,3484
AAUAUA,6523
UUGAUA,4742
GUAAAA,3680
AAAUGA,6965
UAAAAC,3235
UAUAAU,5736
GUUGGU,1130
UGAAAU,6825
CAUAAA,3779
CGUUGC,859
AAAGUU,4145
UAUAUA,6033
ACCGUU,953
AUUUUG,5411
AUGAUU,4612
UAUUAU,7289
GUAAUA,2978
UGUUUG,2434
UAAAGC,1831
AUUUGU,4286
AAAGAU,4055
AAAGAA,6200
GGUUAU,1299
UUGUUG,2902
UAUUUU,9973
UGAUUU,4835
UUAUUG,4227
UUUUUA,9391
UUAUAU,5696
AAUUUG,5251
AAAAAG,6167
AACCGU,816
UUAAUA,5579
CGGAAG,874
GUUAUG,1570
CGCGAG,325
AUGUUG,2051
UUUUGA,5581
UUAUUU,10075
UUGUGA,1953
UGAUUA,3782
UUUAUU,9557
CCUCCA,696
UGUUGU,2156
UUUGAA,5840
GUUGAA,2324
AAUGUA,2841
AUUAUG,3222
GUAAAU,3088
UGUGAU,1939
UGGCUU,1172
AUGGCU,1087
UGUUUA,3074
GUUUUG,2158
ACUUAU,2571
UCUGUU,1991
UGGUUA,1284
UGUAAA,3109
UUAAAU,7463
UAUCGU,1682
AUACUC,1092
UUAUCG,2020
AUCUGU,1607
UUAUAC,2072
AUUAUU,8998
AAAAUG,5550
GUAUAU,2279
AAAAAC,4132
UGUAUG,1755
UAUGUG,1533
ACUGCG,587
CAGCCU,552
AAAUUA,8933
GUUGUA,1444
AUAUUU,9104
UAUGUA,2380
UAUUUG,4201
UGAAUG,2533
UCAACC,902
UAAAUC,2942
AAUGUU,3449
UAGUAA,2321
GCAGCC,444
AAUAAU,8984
GAUUAU,3060
GUUGCA,1375
UUUAUG,3347
UUAUGG,1476
UGCAUG,1390
AAAAGA,5425
AACAAC,1912
GCCCUA,329
UGUCAU,1761
UAAACG,1265
GGAUAA,1628
GUCGAG,625
CAUACU,1309
CUCAAC,831
AUUUGA,4895
UUUGCU,2842
UGAAUU,4462
UGAUUG,2280
UGUGAA,1788
UAUACU,1790
CAGACG,478
GAGCGG,352
AUACUG,1501
GUUUAU,2657
AUUUAU,7887
ACGUAU,1027
ACAAUA,2779
AACGCG,372
CAACAA,2472
GUAGGU,530
UAAUGU,2240
UAUGAU,3346
AUUAUA,5024
AAAAGU,3821
AUGUAA,2539
AUAUUG,3123
UUUUAA,8040
GUUUGU,1630
AAAACA,3865
UGCUUU,2363
AAUAUU,8277
UUAAAA,8020
CGUCGA,564
CUGUUG,1149
GACUUA,936
AUUGUG,1407
UCAUGU,1410
GUUGAU,1742
UUGCUU,2574
CCAUAC,698
UCGUCG,648
AUUACU,2761
AAUUAU,7615
GGAAGA,1442
CGAGUU,615
UGUCGU,835
UGUUAA,2434
UGUGGA,868
UUUUGC,2991
UAAAGG,1133
UGGUUU,1472
CGAUAA,1779
CUAUAU,1767
UUGUUC,1858
GCAUAA,1814
UAUGUC,1148
AUAUUA,5369
GUGUUG,808
CUUAUC,1801
CUUAUA,1831
AAUGUG,1460
UUGUGG,846
UUUUGG,2043
CUGAUA,1906
UGUUGG,969
AUGAAA,5626
AAGAAA,5970
AAACUG,1810
UGCUAU,1790
ACAACA,1765
AUGGUU,1276
GAUGUA,1288
UUCUGU,1708
CGUAUA,938
UAUGGU,1098
GUAUUU,2609
UUGAAA,5592
UCGUGU,600
AGCGGA,528
AGCUGA,1037
GGUUUU,1324
GUAUUA,1889
UCUUGU,1322
UGCGAU,930
UCGAGU,645
AGACUU,968
AAACAG,1667
UUGCAU,2379
UGUACA,1061
CUGUUU,1688
CAAAUA,3843
CAUUGU,1527
CUGCGA,538
UUAUUA,6220
AUGUUA,2211
UAUAAC,1700
GUUAUU,2505
ACUUGU,1095
UAUUGG,1348
AAACUU,3334
UACUCA,992
UCAAUA,3076
ACUGGU,699
GUUGUU,1657
UGGUUG,852
UGAAGA,2132
AAGACU,981
ACUCAA,1025
AAAGUG,1581
UAAGUA,1709
AUAACA,2582
CUUGAU,1406
UACUGC,965
AAUAAC,2470
CGUUUU,1571
AAUGCU,1909
AUAUGC,1744
GCGGAA,594
GUCGUG,395
CCCCGA,192
GCGAUC,478
AAGAAU,3460
ACGCGA,336
UUGUAC,1035
CAUGUU,1233
AUAAUG,3029
AAAGCU,1517
UAAACC,892
UGCCGU,452
AAAUUC,4209
GAUCUG,734
UGCACC,502
UAAACA,2510
UAAUGC,1527
UAUUCU,2659
UAUUGA,3023
CUUUGU,1351
GUGAAU,1363
GAGUUG,652
AACAAU,3327
UUAAAG,2174
CUAUUG,1151
CUUAAU,2026
GCUCCC,236
UGAUAU,3596
UUCAUG,1750
GCUAUA,1106
CGAAUA,1515
AUGUCU,1026
AUGUGU,1125
CGGGAG,236
GCACCU,386
CAGCUG,713
AGUUGG,742
GGGGCG,118
UAUUAA,4693
UACUGG,661
CCCUAC,257
AAACGU,986
AAGAUA,2525
CAUGUA,1028
AUCGGG,350
UUACUG,1516
UUAUGA,2839
UUUAUC,3727
GUUAUC,1346
UGCAUA,1808
GCUGAU,1058
UCCCCG,208
GUAGAG,497
ACAUGU,941
UGAUUC,1683
UGUUUC,1818
GAUUUU,3625
GUUAAA,2147
CCUGUA,569
AUGAAG,1921
GUGAAA,1827
GGUGUU,558
AGUAGG,485
UGAGGG,336
GUAAGC,660
CUCCAU,697
GUGUAU,896
UAUUGC,1806
UGCUGU,1015
GCUUUG,846
GGGUUG,273
AACAGC,923
GAUGAA,2468
UUCUUA,2599
GGGUCA,278
AAAGGC,711
GAAUGA,2374
UCGUUG,895
GCUCAC,375
GAGCUG,455
UAGAGC,511
AAAGCA,2036
AUUGAU,4034
UCUGUC,719
GUUACU,912
GGACUC,229
GCUGGC,303
UGGAAU,1841
AAUGAU,4845
CGGGGC,99
AGAAUA,2569
AUGUGA,1360
UAUUAC,2120
GACUUG,542
UGAUGU,1407
AUUUGC,2224
ACAGCU,744
UGUGCU,729
CCCCCC,148
UGUGUA,939
AUACGC,480
UGGAUA,1294
GAUUUG,1663
GCUUGA,825
UUGUCU,1124
GUUAUA,1534
UUGUGC,778
AAUAUG,2929
AAGGUG,579
AGGUGU,456
GUAUGA,1124
AGACGA,667
AGCAGC,725
UCUUAU,2374
UAAUAU,5013
AUUCGU,1369
UUUAAA,7410
GGCAAC,424
GCAACG,481
GUACAU,839
GUGAUA,1543
UGUGCA,791
AUAAUU,7187
UUUGCG,839
CUCCCC,224
CUGGUC,350
CCCGAU,312
GAUAUA,2243
UGGAUU,1412
AAGAAG,1926
UUACUU,2456
CAGCCC,186
GGGUAG,230
UAUGAA,3077
GAUGUU,1280
UGAUGA,2527
AAAGUA,2394
GUCAUU,1312
CUAAUG,970
GAAGAA,2615
GGCUCA,340
UGUCUU,1085
GUAUGU,1074
UGUUAC,1028
AUCGUC,688
CUGUCA,702
AUUUUA,7728
AACGUA,737
UGUUGC,1081
UAUGCG,626
AAAGUC,978
UGUUCU,1144
UCGUUU,1700
UGUUCA,1383
CUUGUU,1227
CGAUCU,599
GUGGAU,613
UGUAAC,890
GGGCGC,105
CUGUAA,1164
CUAAUA,1764
UUGAUG,1883
GUGAUG,877
CGUGUA,401
UGGUCA,578
AAGCAG,949
GUGGAC,333
UAUUUA,5517
GAAUGU,1276
GGUCAA,566
CUGUAU,953
AAGUAU,1953
AUGGAU,1531
ACAUUU,3033
CGCUUG,391
GUUUUA,2260
UUAUUC,3235
GUCGUU,585
AUGUCA,1196
UCAUUC,2251
AGAGUC,338
AUGCGG,369
UUCGUU,1706
CUGUCG,396
CUUGUC,622
UGUAAG,915
GAGCAG,512
UUAUCA,4673
GUGCAU,677
CAUGUC,569
CCCACC,197
GAUUAA,2404
CGAUGU,658
AGCUGG,404
CAUUUU,4681
UGUACU,794
AAACGC,519
UGCCCU,281
GUGAUU,1191
UCAUUG,1829
AUUGAA,3860
CUUUAU,2162
UGAAGU,1498
UCUUUG,1482
GAAUUU,3927
UAAUUG,2661
UGUAUC,1000
GAAAUG,2673
GUUCUG,639
UUACGA,1083
AAUUAC,2319
AAGACG,535
GUGUUA,743
AAGAGG,679
UAUUUC,4277
GUUUGA,1399
UCUAUG,915
GCUAAU,1232
UCCAUA,1132
CAUAGU,775
AAAUAC,2244
AGUUGU,1059
CAAGGU,451
UACUUU,2309
CCGUUU,589
CUAUGU,698
UUAAUG,2394
GCGAGA,391
CUUUUA,2493
UUUCUG,2062
AAGGCA,685
GAAGAG,979
AAACUA,1982
AAAAUC,3418
CUAUAA,1615
UUGCUC,881
AGUGAA,1463
CCCUCC,232
AAACAU,2681
AAGUUG,1332
AUUGCU,1897
AGGUUU,902
UCGGGA,400
AACUGG,632
GUAAGU,873
AACUUG,1145
GAUUGC,825
GUGCUA,546
UUUAGU,1830
AUGUGC,638
AAAACG,1341
AUGCUA,1297
UAAUGA,3042
GUCUAG,285
AGAGCA,686
AAGAUG,1439
UGAAAC,1579
UUUGGA,1695
UUGUCG,744
GACGAU,634
AAAUGG,1691
CUUAUU,2380
GGGAGG,229
GGAAUA,1342
ACUAUA,1235
UUGCUG,1192
CUUGUA,785
AUAUAC,1613
CUGUGU,446
AAAACU,2865
AGCCCU,180
GCUGUU,820
UUGCGU,535
ACUAUG,750
UGUCUG,552
UCUGGU,516
ACUGAA,1569
CUUUGA,1304
GAUAUG,1429
GUAAAG,893
AGACGU,346
AAGCUC,534
ACCUGU,536
AACAUU,2735
GGAGGU,278
CCUUUG,585
UACUGU,1043
ACGAUG,718
UACUAU,1574
AUAACU,1799
UUGAAG,1670
AAGUUA,1882
AUUUCU,4291
GCAAUA,1608
GUAUUC,931
UGCUCA,767
UAACUC,664
UUUGGU,1226
AGUGAU,1437
CGCACA,291
GGCGCU,177
UGCGGU,325
AGUCGA,514
ACUGUU,1190
CUGGGG,125
UUUAAU,6331
UCUGAU,1442
UCGUAU,958
CUAUGA,920
GCCGUU,298
UAGGUU,610
GCCGUG,165
GGUACU,420
AAUUUC,4965
GGUUGA,543
GUGUAC,346
GAGGGU,190
GAUUGU,1072
UGGACU,418
UCUGUA,861
AUGCAC,613
AUGCCG,349
CGACUU,463
AUGCUU,1595
CUGGUA,486
UGGAUG,884
UUGGAU,1316
UCGGGG,120
UGUAGU,733
AGGCAA,619
GUACUA,594
UAGUGA,977
GUCAAG,476
UUCUAU,2387
GGUUUA,698
GUAAUG,1097
AAGUAA,2306
UACACU,635
UUUGCC,802
UAUACG,666
CGCGCG,83
CUGUGA,577
ACGAUU,1051
AGUUUU,2823
UUUGUC,1375
GUCCCA,249
AAGUGA,1445
GUCAUC,675
AUAGUA,1549
UAUGGG,398
UCAAGG,485
UGGCUC,315
GUUUUC,1555
UGAAAG,1771
GGAAUC,611
AUUGCG,600
AAAGCG,644
CACCUG,379
UGAGCG,296
UGAUCU,1041
UAUGCA,1554
ACGCAC,221
UCUCGC,345
ACGAUA,1055
GUGAUC,538
CUGAUU,1367
GAGAGU,443
CGUUGA,575
UUAAAC,1777
CUCUGU,459
CUUAUG,779
UAUACA,1502
CUGGCU,293
AAGUGU,793
AUUCUU,3059
GCUAUU,1206
UCUAUU,2179
AGAAGA,1734
CUGAGC,314
ACUAGU,501
AACUGA,1477
GGUCAG,262
UGAGCU,512
GUGGGU,195
GUAUCU,665
GUGGAA,743
UUGCGA,718
CCAUAA,942
AGUAUU,1840
ACAUUG,1009
GAUGCU,712
CCUACA,368
AAAUGC,1790
GCCUCU,224
CUCACA,439
UCUGUG,509
AGUGGA,603
GUAAAC,835
UUGCGC,350
UGUCUA,605
CGCACC,150
UGGGUA,334
GGGAUA,400
GAUCCU,418
AAUGCC,608
AUUGUC,1042
AAUUGA,3686
UAACAU,1801
UACUUG,869
UGUCCC,241
UCUAUA,1286
UCUGAG,469
AAGUGG,563
CAACGA,710
CGAUCC,297
AAUGUC,1009
GCGGUC,152
UAUGAC,786
UGCUUG,838
AGGGUC,142
CGUGUU,360
ACAAGG,402
UUGCCC,268
GGUAAA,985
CGCGUC,110
AAUUCG,1406
UAUCUG,1046
CGUAUU,805
AUCUUG,941
GUCGCC,152
AUGUGG,478
GUUGCC,310
CGGAUA,484
AGAAAU,4213
AGUAAG,829
UCGGUA,471
UAUGCC,508
CGCCUC,139
CCCAAU,414
GCGAUG,401
AAGUAG,801
GGCUAA,414
AAGAUU,2413
AUGAUA,3890
CGCGAA,276
CAGUUG,728
AUACUU,1769
ACGACU,362
GUUUGG,561
GAGUCG,184
UCCCAC,280
UUUCGU,1495
UACAUU,1897
UCUAGC,390
GUCGAA,580
GUGUCU,287
AACGAU,1256
AACGCC,208
CGAGAG,308
AAAGAG,1416
UUGUCA,1227
CUGUUA,916
UAUCGC,589
AACAUG,935
AGACCG,176
GAACGC,221
AUUGGC,605
UACGAU,903
AAACCA,1013
AUGUUC,952
ACCGCG,125
AUGGGA,580
CGUUUG,533
UUGUAG,842
GCAGUA,669
UCGCAC,253
UUCGGU,542
CGUUAC,359
AUUUCG,1806
CUCAGC,297
CAGUAG,512
CUCAUG,412
UCAGAC,419
ACGCCU,172
AAGGCU,410
CGGGUU,158
AGAUGC,576
GCUCAA,554
GCUUAU,1115
GGUUGU,403
AUUUAC,2095
UUGGAA,1779
UACGCA,386
UUACAC,658
CAAAGG,510
GUUGAG,441
AAUCGC,526
UGGACG,273
GUUGUG,505
CGAGGA,276
AUCCUU,1059
GAGGGC,111
AUGUCG,494
UGCUCC,346
ACUCUG,346
GACGAC,269
GUCUUG,391
GCGCUU,271
AACUAU,1668
CUAGCU,330
UGUCUC,429
GUAUGG,392
UCAUAC,907
UAGAGU,454
CACUGU,510
UCAUGC,700
UCAGCC,297
AGAGUA,606
CACUUG,487
UGCGAA,694
AACCGG,239
UACUGA,1082
GCGCUA,218
ACUUGG,425
GUGCUG,376
AUAUGA,2783
GUUUAG,686
AUUGGA,1297
AAAUCA,3513
ACGAAU,1120
GUGUAA,653
CCGAUA,479
UUCUUG,1528
CCGACU,188
GGACGA,301
GGAUUU,1092
GGAUUG,514
UCACUU,1373
GCUGUG,309
GAUUUA,2121
GAUACU,753
GACUCA,290
GACCGC,127
AAACCC,271
ACUUGC,548
GGGCAA,241
CUAGUA,458
CGUUUA,730
AUUCUG,1301
AGUGUA,572
ACUGUC,445
CCAGGG,90
GAAGUG,717
CACUGC,405
GCACCA,336
CUCUGG,198
AGGUAC,277
CUGAAU,1315
GUAGCG,217
UUAUGC,1289
UAACUG,947
CAUGCG,267
CGGCCC,66
GCCAAG,329
CAUCUG,679
CGCCAU,279
GAAAGC,773
UGUGGG,206
UGCUUC,986
CGUAUC,411
CGUUGG,232
ACACGU,285
UUGGCA,713
CCAAUC,545
AUACUA,1215
CGUCCC,114
UCACUG,713
AGAGUG,381
GGCCCU,83
UCCUGU,450
UUAUCC,1009
CGGGCG,63
AACGGG,175
UCAGUC,522
CUCACU,429
GCGUAA,369
GCCCGA,111
UGGUAU,835
AGCUCU,395
UUGCCU,537
GUCAGA,393
GCGAAC,246
UACUUC,1139
ACUUCG,530
AUUCCC,498
UUCGUG,487
CCGCCC,72
GAGUAA,725
UUCAAU,3591
GCCAUA,464
UUUUCU,5046
AUUGGU,943
AGUGUU,723
AACCCA,279
CAAGGC,216
GGUAGC,228
GUACUU,672
UACACG,280
GACGUA,308
CUGGUU,418
CUGCCG,172
UGUUAG,740
AGUACG,295
CCUAAG,224
GCCUAU,332
CCUAUC,408
GGGCGU,83
GGUUUG,464
UACUCU,578
GGAUGU,440
AGUGAC,376
GUAACU,605
UUCAUA,2769
AUACCG,386
CUGUAC,361
GCCUGU,194
AAAUCU,2411
CGGGUC,87
GUCCGA,195
CCGUGG,109
GAUACG,394
CUAUCU,790
GUCUGU,327
AUACGU,561
UUGACU,747
CUCGCA,236
AAACAA,3539
AUGCUC,523
ACUGCC,278
UACCUC,347
CAAAAU,3909
UUGGAC,413
CUUGGU,353
CCCAGC,124
GGGCGG,68
UGUCGC,288
GUCGGG,106
GGUUCA,402
GAGGUA,343
GAGGAU,430
ACGUUU,685
AAGGGU,238
CUAGUG,252
AGUCCG,148
AGUUAU,1635
UCGCGA,239
GUACUG,440
UCGCCA,306
CUUGAG,365
GUCAAU,775
UGUUCG,534
GCGCAA,289
CUACAC,266
CGUAUG,354
ACUUUU,3013
UUAGUG,711
GCGAUA,539
UGGCGC,150
AAGUCG,368
GUUGGA,572
GCAGAC,224
AAGGAG,502
UAUGGA,936
AUUGCC,544
AUCGUA,835
UAUAUC,1909
GUUACG,315
CACGUU,322
GUUUCU,1113
ACAAUG,1073
CGAAGA,673
GCCGUA,192
GAAAGU,1241
GACAAG,445
UGGUAC,407
ACUGGG,169
AGCCUG,208
GUAUGC,477
GCGUUA,296
GGCGCA,136
CCUUAU,681
AGGGCA,174
GUUAGU,592
GUCUGA,372
UGACUG,501
CCGUGU,137
UAUCUC,896
CCUAUG,259
AAGCCC,136
GAGUCC,118
ACUUGA,912
AGUUAC,585
CUAUGG,291
GAAGAU,1284
ACGGCC,103
GGGCUU,133
CACCUA,271
AAUACU,1700
AAACGG,427
AACGGC,210
GCGCGA,114
CUUUGC,694
CCUACU,287
UCAGUG,632
AGGGUU,197
AAAGGU,829
AGUAGA,674
CCGUGC,102
UUUCUC,2143
UGCGCA,276
UGCAGA,742
AGAGGA,568
GUUAAU,1523
AGCUCG,210
UGUAGC,409
GGUAUU,730
AAUUGC,1510
AAAUCG,1243
UUGGCG,261
CAAUGU,896
CUGUUC,554
GAAUUA,2537
AGUCAU,742
GCUGCC,179
GGCUGU,203
GCUUUU,1515
GGAUAC,311
CUCUAU,593
GUUUGC,661
GAUGAU,1985
UGCGUA,341
UGUCAA,981
CGAUGA,818
GUCAGU,375
AGAUAC,553
GGUACG,148
UGCGUU,380
CUCACG,154
UAUGGC,442
AAAGAC,796
UGGUAA,889
UCUCUG,498
AGCAGU,675
UGCCUA,345
CCUCUC,307
AGCCCG,70
GUUGUC,431
AGCCGU,162
GAUUGG,506
UGUACC,302
CGUAAA,783
AGUUGA,1053
GUUCAC,395
AGAUCC,286
UGGCAU,607
CGCGGG,48
UGGGUC,130
UUGGUG,541
CCUGUG,171
ACGGGU,122
CUGGGU,119
UAAUUU,7683
UUACAU,1816
GUUUCG,534
GUUCAU,1006
GCUGUA,457
ACUCAC,281
AAACCG,381
AUCGCC,238
CUAUUA,1541
CCAAGA,426
CGCAUG,225
UGAUAC,923
UCAUAG,764
ACUAUU,1737
AGAUGU,774
UACAUC,810
ACCUAG,154
GAUUAC,783
UGGCUA,375
GUUCAA,1014
GUCAUA,683
GCUUUA,903
CCCUUG,138
UUCCUG,676
GCGCGC,57
GCUGAG,241
UCGAGG,200
CUAUCG,401
AUGAUG,1860
UUCGAA,1810
ACCGGA,227
GACCUG,180
ACACUG,389
GGUUGC,236
GCCCUC,80
AGCGUG,158
CUCGCU,203
GCAUAU,1271
AUCCCA,405
UUGCCA,673
GUCUCU,293
GUCUUA,480
GUAGUC,235
GCCGAC,99
UCUGGG,154
AAAACC,837
GGCAUA,418
AGUGUC,260
CACAGA,394
CAUUAA,2131
GAGGAA,760
UACGUU,496
CCGUAU,315
AUGUAC,568
CGUUGU,402
AAGCGU,331
CAAGGG,129
UAUCGG,414
GCCCUU,136
CAGAUG,614
CCGCGC,49
AGGGCG,73
CGCGAC,87
GUUGCU,649
CCCAGG,71
CUCAAA,1042
CCUGCC,112
UCGGGU,137
CCGCGA,97
UGCGCG,97
CCCGAA,214
GAGUGA,431
UGGGAA,613
GUGAAG,558
CCGUCG,100
AUUGGG,321
AUGACA,1050
AGGUUC,263
GCGUCG,96
AGGCCC,58
ACAGUG,436
AAGGGC,133
ACUGCU,655
GCGCAC,91
CUCCUA,271
CUAGAC,170
UCGCGC,93
AACGUG,284
UCUUAA,1562
CUAGUU,435
CGUGGA,194
GAGGGA,283
GCUUCU,630
GCGGGC,45
UGGGAU,398
AUUACG,729
UUUACG,760
GUGACA,400
GUCUGG,147
CGCUAA,329
CUAAGU,418
UGUGAG,332
UGGGGA,160
GCAUUA,1094
GAAACU,1096
CAGGGU,103
UUUGGC,645
GGGAAU,441
UGAACG,427
UGCGCU,218
ACCGUG,121
GGGGAU,114
GUAGCU,297
UUCGGG,208
UGUGUC,293
UCCGUG,160
UAGUUU,1725
ACACUC,224
AGGCUA,258
GAUCCA,448
UGCCAA,636
GUGCUC,184
AGGGAC,117
GCGUCA,164
GCUCUG,202
CCGCGG,46
GUCGCG,82
AUCUAU,1646
ACUGUA,756
CCGAAU,449
UCGAAG,613
GCGAGU,123
UUAGUA,1273
UCCGAG,169
AGAGGG,213
CCAAUA,878
CUUCCU,736
UGGGCU,134
GGCCUA,129
CUGCGG,112
UACCCG,116
CGGUGU,147
CGUCGG,86
CCUGAU,407
CCCAAC,163
GAUACC,310
GCGGGU,65
GCAUGU,452
AACUCU,586
UGCCUU,475
GCCAUC,298
UGGGUU,230
ACCCAA,248
GACCGU,121
GGAGGA,314
CAUGGA,454
CCUCUA,230
UCCCUC,268
CGUGAU,370
CAGUGU,363
GUGUUC,289
ACGCUU,319
UCUCGU,412
UCGUGC,211
CUCCGU,135
GAUGGG,218
CUGCCA,288
GACCCG,58
CGGAGU,118
UUGAGG,388
GUCAUG,329
GGCGAU,213
UGGUUC,394
GUGGUC,159
UCGCUG,303
GUGUGA,313
UAUCCU,750
CGCAAA,541
ACGAGG,141
GGCAGC,150
GCUCAG,200
CCAUCC,299
AUGUCC,317
GUAGCC,123
UCGUCC,229
CUGGUG,240
GCCGGC,47
CCCUAU,176
CGUGAG,130
ACGGUG,165
AUGACG,420
UGGAGG,219
GGAUAU,785
CGAAAU,1678
GUUUCC,513
CGGCUC,79
AUCGCG,156
AAGUCA,711
GCCGGA,102
CACAGU,340
CCCGUU,127
GUCGAU,385
CCUAGA,190
GCCCCG,30
GGGGCU,41
ACCGCC,97
GCUACC,173
ACACUA,412
ACGUUG,292
CCACCU,189
ACUGAU,1305
CCUCCG,87
CCGUAG,117
GCGGCU,82
ACGCGU,89
GUACCG,151
AGCGCC,87
GCCCAG,80
AUCAAC,1089
GUGGCG,106
CCGGGC,35
GGUGCU,206
UUGCUA,1335
GUACCC,81
AAGCUG,539
AGACAA,783
GACUCU,176
GUGGCC,81
GUACGU,217
CGCCGA,104
CGAACG,174
UUGGGU,248
UGCAAU,1629
CGCUGC,160
GGGUUA,145
GAAACC,381
CUCUCA,424
GUGUGC,167
CGUGCU,167
CUCCGG,79
CGCCCU,59
CGGGAU,154
GCGCCG,47
CCCACG,60
UGUUCC,483
CUUGCU,548
GGCGUC,65
UUGAGC,448
AAGCGC,192
UCAUGG,369
CCCCGC,39
UACCGA,345
GAAUCU,829
CCGGAG,75
AAGACA,780
GCCUUC,238
CUCUUA,612
GCCUAG,115
CGCCGG,42
GCCCAA,163
GUUGGC,226
UCGCCG,109
GGACUU,240
GGUUAA,483
UAUAAG,1222
UCCUAC,310
AAGAUC,734
UUUCGG,610
GCGUUG,167
UCUCAG,411
GGUGGC,116
AUUGAC,712
GCUAGU,238
CUCCAC,186
UGCGGG,83
ACGUCU,198
AGGGUG,99
GAUCGG,206
GGCUAU,266
UCACAG,401
UUGGGC,160
AGUGCU,418
GCGCCA,108
CCGGAU,194
GAACGU,253
ACCCGU,90
ACAGAU,829
GAUUUC,1496
GAGCGU,114
UGGCGU,154
CGUCUG,145
GUAUCG,352
GUCAGC,189
CCUAGU,146
GCUCUA,256
CCCGCG,30
AUCAGU,1289
AUGCGC,193
CGCCAC,98
UGUCAG,368
CUUUCG,561
GUGCAC,163
GCGCGU,54
ACAUCU,726
GGGUGC,62
GAGAUG,528
GCGUGG,76
UACGGA,274
UCCCAG,167
ACCGGG,58
UGCGAG,170
GGUAUG,333
CACAGG,136
UGACGC,143
AAAGGA,1454
UGGUGC,262
GUACGA,275
GACGCU,115
UCUCAC,375
CGAGGU,119
CGAAAG,553
CCAAGG,131
CCUGUU,364
GGGAUU,301
GUCCUA,190
GAGUGC,149
UGAUGG,666
GCCCCU,36
AAGAGU,625
GCACAU,419
CCGGGG,23
AGAGCG,156
UCGCUA,378
CCCUAG,50
CGUGGC,74
GUUACA,606
GGGUGA,133
GGCGCG,29
UACUAG,352
CCUUGA,322
AUACAG,669
GGCGUU,118
AUAGUG,639
GACUGU,284
CCCCCG,26
ACUCUC,297
CCUUGU,280
UAGCCU,232
UGGGUG,145
CGCAGG,67
CCCCCA,46
CAGAGU,245
GGCCCG,26
AGGUCC,82
UACGCU,244
GAACCC,77
AAUUAA,6849
CCGAGU,91
AGCUCC,144
GGCGGC,46
GAUUCA,1136
ACGCUC,108
UGGCGA,240
CAGACC,103
UACGUC,229
GGCCGG,32
CGCCCG,30
CCACGG,61
GCGAGG,70
CAGUCG,189
AAGGUU,620
CUAGCG,89
UGAUCC,424
GUUUAC,661
UAGCGC,133
CACGGG,49
CCGCUG,111
UACAUG,637
AUGCGA,500
GGGGUA,61
UGUCGA,463
CGACCC,47
GGUCUG,103
CUGGCA,222
UGCCGG,94
CUGCCC,75
CGUCGU,182
UCCGCG,61
CUGAGU,231
GUGAGC,157
CGCCCC,23
GCUGUC,216
CUGCGC,89
ACCAUC,473
GCCUAC,106
CCACAC,128
GGUACA,247
CGCGCA,69
UGUCGG,163
GGGCGA,69
AGGGGU,54
CCACAA,387
UAUUCG,1049
UGGGCG,68
AUGGGU,235
UACCGU,306
CAUUGG,429
CUGCUU,645
CACUAU,618
AAAGGG,334
GGGUAA,204
CCGUGA,129
CAGGGC,50
GAACGG,168
GCCUGG,76
GCGUGC,76
CUGGGA,164
ACCCAC,93
UACAAU,1688
CGCAAG,164
GGUCUA,128
GACGCC,51
UAGGCC,103
GCGUCC,53
UUGCCG,244
AGGAUA,717
GCCUCG,55
ACUCCG,96
GUGGCU,136
CCGGGA,75
GUGCUU,403
CGUGUC,93
CCCCGU,36
CGUGCA,171
UUUCGC,674
CUCGCG,49
ACAGGG,83
GGGGGG,36
GGGUCG,42
GGGAGC,66
AGGCAC,120
GUACAA,602
GUCUUU,744
ACCCAG,77
AGGGGC,31
GGGUUU,184
GGCAAU,458
UACAAG,549
GGGACG,56
AAGCGG,189
AGACGC,88
CGGGGG,20
CUCUUU,1244
ACGCCC,35
GGGGUC,27
CUCACC,150
GGGGUU,53
ACCCGG,38
CCAGUU,402
GGGCCG,25
AAGUCU,516
AGGGCC,33
UCCGGG,59
GCCCCC,15
UGGCCU,144
GCCACG,65
GAUCUC,321
GUGGUA,337
CAGUGA,609
GCUCGC,78
UGCCCG,63
GGGUGU,72
GGAGUC,76
CGCCCA,59
CGAUUA,873
GGGGGC,13
CGACCU,108
CCUGGG,41
GCUCCU,154
AACUGU,852
GGCAGU,202
GGAACG,181
ACCUCU,239
UUGGUA,778
UCCUUA,681
ACUCGC,97
GAUUCU,902
GUCUAU,378
GUGUAG,193
GCCCGG,21
CGCUGA,224
CGGACU,85
AAUGAC,969
ACCCCC,25
GGGUCU,49
AUAGAG,528
UAUGCU,1070
CUACUG,376
GGCACG,57
GGCGGG,26
GCGGGG,25
GCAGGC,87
CGAUGG,236
AGACCC,45
ACGCCG,51
CACUCA,322
GCAUUU,1583
GACUAC,181
GGAGUU,243
CCCUGG,35
GAGGUG,154
GCCGCG,26
UGCCAU,581
CCGAAG,190
UUUGGG,370
CGCUGU,180
CAUUUG,1548
CAGUCC,141
CGUCGC,81
CUUGCG,159
CCGGAC,52
UCGCCC,60
CUCUGA,358
CGGUCU,86
GUUGGG,136
GCCCGU,39
CCCGGG,16
UGCGUC,136
CGCGGC,2
GCGCGG,22
UACCCC,2
UUCGCG,162
AGCCCC,22
GCUUAA,791
GGGCUG,51
GUCCCC,30
CGGCGG,34
GUCUCG,129
UCCGUA,263
GGGACU,71
GAAGGC,211
GGGCCC,4
AUUCGG,416
CCGGCA,86
GGGUAU,146
CACGGU,89
GGCCCC,8
CCCGAC,3
GCCGGG,18
CAAGGA,405
CCCCGG,4
AGGAGG,210
GGCACC,62
GCACGG,56
UGUCCG,130
CCUACG,69
CCCGGU,43
GUGCCC,40
AAACGA,1332
AUAGGG,150
GAGUGU,191
UAGUGU,392
GGGGGU,21
CGCGCC,18
CGGCGC,4
GCGUGA,145
GACUGC,189
CUCUAG,147
GGGAAC,128
GACCGG,4
GUCUCA,253
GUACGG,100
CUAUAG,345
GUCCCU,86
GCGAAU,450
GGACCG,49
GCGCCC,6
UGGCAC,198
CCCGGC,6
CCUCAG,133
CGGGGU,18
CGGGCC,13
GGCUGG,77
CGGCCG,29
GGCGCC,6
AUUCAU,3520
ACCCCG,6
GGGACA,121
GGCUCC,46
CGGAUG,224
GUAUCA,855
GGUUCG,126
ACAGUC,268
CAUCCC,174
GUUUAA,1572
ACGGGC,34
CCUAGC,84
AACCAG,319
CAUUGA,1231
GACGGG,6
CUUGGG,99
GCUCGA,212
GAGUCA,202
UUCUGG,547
CUGGCC,6
ACCAGU,323
CUCGCC,67
UUACUC,624
CCGAGG,41
CCGGCG,8
UGUGAC,275
ACCCGC,35
CCCGUG,30
CCAACG,138
GCCACA,158
GCCCGC,11
GGCCCA,46
CUAGGG,7
AAGCCG,131
CUGAGA,393
CCCGCC,9
GGGUCC,10
AAAAGC,1421
GUGACG,128
GGACGG,55
GGAGCC,44
AGUGGG,115
CCGGCC,10
AUCGUG,289
AGCCGG,47
CGGGCU,25
CCCCAG,8
UGGGGU,64
GACGGC,54
GCCCCA,8
ACGGGG,10
GGGCCU,9
CGCGCU,43
GGGUAC,55
CCCCCU,8
GGACCC,14
GGUGCG,54
UGGGGG,29
GACCCC,14
UGAGUG,321
GGGCUC,11
AGGAGU,218
CCCCUG,10
CGGGGA,40
AGCGCG,45
UGCGGC,86
GUUCGA,432
GAGACC,76
CGCGGU,44
GCGGAG,64
CCCUCG,9
AUCGUU,1084
GCGUCU,77
GGUCUC,77
GAGCCC,21
AGUCAG,265
GUGCGU,100
GGAGCU,126
ACGCAU,305
CAGGGG,12
GGGGAC,23
GCUAAA,1021
UGCCCC,32
UGUGGU,306
CGGGAC,38
GGUCCG,33
GGCUCG,9
GCCAGG,59
GAAUAU,2426
CGUAGG,64
GACGAG,160
AGCGUC,96
UACGCC,91
UGCGCC,70
CCGCGU,30
ACUCAG,216
GUGCAA,500
GUGGGG,35
GCGGCG,12
CGCUUA,287
GGCCUC,11
UCUUGC,569
UACGCG,72
ACCGUC,104
GGCGUG,43
GCACCC,11
GGGACC,13
GGCCGC,15
GCGGCC,15
CCGGGU,13
UGGGGC,28
UGACAU,878
CGCUCG,10
GCUGGG,59
GGUCCC,14
UACUCC,215
CGAGGG,31
GUCCAC,129
GGGGCA,13
CGGUAC,123
GGCCGU,44
GCCGCC,15
GCCCAC,12
CGACUG,167
UAGCCC,11
GCUAUC,457
CCGCCG,17
GGGCUA,52
CGGACC,15
UAAGCC,263
CUCGUA,221
AACCCC,40
GACGCG,14
ACGCGG,28
AGGGUA,129
GCGGAC,13
GCGUUC,114
CGCCGC,21
CUGGGC,12
ACCCUC,60
GGGCAC,29
CCGAUG,208
AGGCUG,136
GUCGCU,144
CACCCC,17
CGUCCG,13
GGGGUG,20
GGUGUC,89
CGCGUG,32
UCCCCC,51
GCGCCU,14
CUCGGG,36
AGGGGG,15
UAGCGU,183
AGGCCG,30
ACGGAG,94
GAGUAU,428
CGCCGU,48
GUCUAA,395
GUGUCG,115
CACGCG,30
UCGGGC,40
UAGGCG,12
CGGUUC,133
CGGGCA,49
AGCGGG,14
CGCUAC,120
CGAGCG,52
CCUGCG,45
GACGGA,150
GCGCUC,14
CGGCGU,16
CGGAGA,144
CACGGC,14
ACGCGC,23
GCCCUG,18
CGAAGU,417
UCGUGA,361
CCUCGG,20
CAGGCG,55
ACCCCU,25
GAGGCC,24
UGGCCC,36
GCGCUG,85
UCCGGC,70
CCCGCU,15
CCCCAC,21
GUUAAG,483
GGAACC,110
CGGCCU,24
CCUCUG,125
GGCCAC,15
GUCACC,123
ACACAG,243
AGCGCU,144
GGUCGC,42
GAUGUG,411
GGAGUG,123
CGUGGG,21
GUCCGC,20
CGGAGC,15
CGUGCG,31
UGGGCC,17
CCCGAG,19
CGGGUG,32
CUACCC,15
GUCCCG,24
CAAAGC,492
GGACGC,27
GAGCCG,36
CAACGC,133
GGUGGG,16
CGCACG,26
GGAGGC,44
GCGACG,67
CGCGGA,37
CCACGC,17
CCCGUC,24
CCUAGG,21
CUGUGC,176
UGCAUU,1567
CGACCG,16
CCGACC,37
CACCCG,31
CUCGGC,17
AGGCGC,30
GGGCCA,21
CCCCUA,26
GCCGAG,17
CGAGGC,23
CACGCC,24
GGCCUG,39
CCGUCC,19
CCGACG,19
CGAGCC,20
UAGGGG,28
CGGACG,20
GUGGGC,31
CCCUGA,15
AUGCCU,345
CAGAGC,149
AUGAGC,428
GUCCGG,22
GAGUGG,139
GCCGGU,45
CGGUCC,29
CGUGCC,37
AACGCA,290
CCGGCU,33
AAGGCC,103
CCAUGU,266
GCGACC,23
GUGUCC,78
GGGCAG,19
CCCGGA,27
ACUGGA,447
CUUCGC,224
CCGAGC,21
CGGCGA,17
GACCCU,30
UCGACG,181
CCACCC,43
CAGGCC,34
GUCGGC,43
CCACCG,85
AGGUCU,133
ACCCCA,19
CGUGUG,83
AGGCGG,20
GGUCGG,31
GGUCAC,17
GUCCGU,76
CGUACC,78
CGGCUG,72
CCGGUC,28
CCGCUC,19
AACGAA,1356
CCUCGC,23
AGCCGC,36
UCCCGC,19
CCCCUC,44
GCUCGG,27
CGACGG,21
GGUGUG,106
CCCUGC,34
GAAAGA,1969
CGUCAG,115
CCGCAC,23
UUGGGG,84
AGGGCU,41
ACUAAU,1481
GGCGAG,21
GCAGCG,123
GCAGGG,31
ACGGCG,28
GGUGCC,22
CUCCCG,27
CGCCUG,45
UCGCGG,35
GAGGCG,28
GUGCGG,39
AGGCCA,124
CGCACU,106
GUUGCG,174
UAGGGC,28
CUGCCU,156
AGCGUU,255
CGCGUU,72
AGCGUA,220
CCCGCA,39
GCGCAG,67
GCCGUC,37
GUGCGC,32
CUCCGC,45
GCUCCG,24
CCCCAU,20
GGGAGU,64
GAGCGC,28
CGGAGG,35
GACUCC,23
CAAGCG,163
GGCGAC,26
GCACGC,25
GAGGGG,41
ACCCGA,78
ACACCC,37
CUCGUC,152
CGACGC,36
GGGGGA,30
ACCGGC,30
GGCUUU,340
AUCCCC,22
GGGGAG,26
UAACAA,2156
GUAGGG,41
AUAUCG,991
ACUCGG,60
GGGUGG,31
ACGGCA,152
GGCCAG,27
GUAUAC,369
CCGCCU,40
CCAGCC,24
AGGUGG,145
GUUCAG,393
CCAGGC,28
UCGGCG,24
CGCCAG,51
GACUCG,25
CCUCAC,114
GGCACA,144
UCCCGG,30
AGUCGG,85
GCAAGG,164
CGCUCC,29
UCGGCC,30
UUGGCU,479
CUAGCC,59
GGGUUC,31
CGCGUA,25
ACCUCC,108
GGCCGA,38
ACCACG,21
GGCGUA,80
GCGCAU,158
GUGACC,81
AGUCCC,47
GGCGGU,51
GCGUAG,69
CCUGUC,123
CCUGGC,31
ACGGAA,413
CCAGUG,165
AGUCUC,190
CGGUCG,35
ACACCG,95
GGAGCG,37
CACCCU,53
GACCCA,26
CUGCGU,113
AUGCCA,522
CUCUAA,504
ACAAGA,768
GCUGGU,187
CUACGG,69
GUCGGA,123
ACGGCU,89
CUUACG,213
GCGAAA,658
GGACCU,39
GUAGGC,72
ACCCUG,37
GGCAGG,37
GACAGU,320
CGGCAC,38
GUGCCG,41
AGCCCA,86
CACCGU,118
GCGAGC,43
AACCCG,38
CUGACC,112
UGACAA,1051
ACACGG,55
UUCUGA,1458
UGACCC,27
GCCGCU,30
UCACCC,99
CUGGCG,33
CGGGUA,62
GCCUGC,29
UCUGCG,151
CCGCAG,31
CUGUCC,149
GUACGC,64
UGACGG,123
UGGCCG,49
CCAGCG,33
CGCUGG,38
CUCAGG,95
ACUGGC,146
CCCGUA,50
CCCUGU,49
AUGCCC,93
CGUAGC,98
AUCCCG,24
ACGUGG,104
CGAGUC,38
CCUACC,84
UCCGCC,56
GCGGGA,35
CUCAGA,289
ACCGCU,138
GAGUCU,106
AGCGGC,41
CUCGUU,317
CUCGUG,97
UACGGG,35
GGGAUC,82
GCUGCG,86
AGGCGU,61
GAAGUC,331
UCGUAG,243
UAGCGG,25
CGGCCA,50
ACGGUC,60
GCUAUG,338
GUUACC,213
AACCGC,111
CGCCUA,65
CCGUUC,145
UUCGUC,522
CAGCCG,56
UGGCGG,67
CACAUG,308
GUUCGG,130
GGUCGA,136
CCAGAC,80
GCGGUG,63
UCCUGA,476
GUCGAC,105
GAUCCC,29
CCUCGU,91
AAGGGG,66
AGAGCC,76
AAGAGC,392
UUCGCA,539
CGCUAG,44
GUCGGU,92
CUACGC,32
GACACG,54
GGCUAG,47
CGCAGC,28
GGAGGG,54
GGACAC,59
ACUCCC,51
CACCGC,31
GCUUUC,638
CCUGAC,83
CCGGUG,57
GGAGAC,74
CAAGUG,351
UCUAGU,359
GGUCCU,54
CGACAG,166
CUACUU,617
CUUCGG,172
UCUCCG,128
GGCGGA,46
AGGCAG,150
GACGUC,82
CGGUAA,351
CACCGG,35
ACGUGU,164
CGGUGC,53
CUAAGA,478
CAGCUC,180
CACGCU,85
CGGCAG,72
UGCUGC,508
AGGACG,100
CAUGGG,85
GCUAGG,40
CAACCC,43
UCGCGU,75
GCACCG,45
CAGGAG,126
CCGCCA,56
CUAGGC,35
GAUCUU,702
AGUAUA,1018
GCACAG,167
ACGGGA,98
GAGGCU,57
UGGAGU,251
AUGGGG,43
AGGACC,45
GAUAUU,2523
CCUCCC,43
CCCCUU,49
ACGGAC,43
GCACAC,111
GCGGAU,123
CAACGG,137
GAGCUC,93
CAGCGG,68
AGUGUG,214
CGACUC,51
ACCUUG,221
GUGAGG,109
GCCGCA,41
GCGUGU,56
UUCCCU,467
UAGCUC,242
GCUCGU,130
GCCACC,40
CAGGAC,30
GAGGUC,72
CACGGA,95
GACACC,36
GAACAC,235
UGACUC,178
GAACCG,111
AAGUGC,394
CUACCG,109
GCUGAA,739
GCCCAU,31
GGCUAC,40
UGACCG,102
GCCUGA,157
ACACGC,51
AAUACG,608
CACACG,40
UGGGAC,87
GGAUCC,32
GGCUCU,69
GAGCCU,58
CCACGU,90
GCGUAC,51
UUGCAC,484
GACCAC,32
UUCCCG,213
GUCUCC,62
GGCACU,120
CCCAGU,72
GGACGU,49
GACUGA,389
GAGGUU,204
ACCUCG,72
GAAUAC,672
UCCCCA,33
ACUCUU,576
ACGCCA,105
AGGCUC,55
ACCGAG,40
AGAGGC,77
GGUGCA,188
CGGUGG,48
CUACGA,236
GUAUAG,366
CGGCUA,71
ACGUCC,47
CAGCGC,52
AGGUCG,67
ACGCUG,115
AGGCCU,47
CGAGUG,87
ACAUCC,312
ACCGCA,31
CACUCC,33
UAGCCG,63
GGCAAA,567
GCAGUU,545
UAGGGU,43
GCUAAG,249
CACACC,86
ACCCUA,50
CGCUCA,124
CUGAGG,106
ACGACC,82
GAGUUU,594
UGCAAG,576
AAAAGG,1270
CUGCAU,568
UAUCAU,3619
GUCUGC,118
GCCAGC,62
GCGAAG,210
UAGUGG,237
CCCCAA,60
GAACUG,480
GCACGU,38
GUCACG,47
GACGGU,39
GCGGCA,46
CCGUAC,52
CGGUAU,272
ACGUCG,93
CUCGGU,55
CGUACG,41
UGCCGC,44
UGCCAC,180
GUAGAC,117
CGUGAC,58
GCUACG,84
GGGCAU,40
GGUAGG,51
UACGGC,92
CGCAGA,137
CGGAUC,34
AGACGG,65
CCAUCG,202
CCCAAG,53
UGGGAG,113
GCACUC,98
GGUUCC,86
CCGUCU,43
GCUUGG,158
UGCUGA,780
CUAGGU,68
CCCAGA,63
UUACCC,162
CCCAUG,69
GGUCCA,90
GACCUC,53
GGUCGU,77
GUUCUU,780
GCCGAU,149
CACGAG,77
AUGGAG,350
UGUAGG,190
CCUUGG,66
AACCCU,94
CGCGAU,96
UACGAA,773
AUGUAG,477
UCAGGG,52
UCGGUC,39
GUUCCC,90
CCUAAC,34
UCACGG,81
GCGACU,62
GUGUGG,75
GAUCCG,118
GCGGUA,128
CUGAUG,554
GAAUCC,360
CACUCG,74
UUCGAC,410
CUAUUU,2150
GACGCA,98
CCUGGA,165
UGUGCG,104
GGCCUU,46
GUCAGG,55
ACUGUG,280
ACGUGC,59
UGCCUC,128
ACAGGC,46
CGUCCU,87
GGCUGC,54
CGGUCA,41
GUGUCA,232
ACCGAC,55
CCAGAG,70
UGAGUC,159
AUCUGA,1077
GAGCAC,38
GACGUG,77
CCCACA,71
UCGACC,126
CUUUUG,1234
UGCCAG,190
AGAGGU,206
AGUCGC,61
ACGGAU,273
AGUGCG,82
CGACAC,44
ACUAGG,42
GUGCCU,59
UAUCAA,3107
ACGCAG,83
CCGCUA,80
GGUUCU,193
CCACUC,39
CCAACC,37
CCUGAG,50
AGCGAG,114
GUUCCG,131
CACGUC,50
GUCCUG,93
AGCCGA,39
CCCUCA,70
CUCCAG,132
CACCCA,76
GCCUUG,89
UAGUCC,130
UUAGGG,39
CAGUAC,318
UAGACC,68
UCGGAC,69
UCACGC,105
CGAGUA,181
UCCCGA,167
UAACCC,64
CAGGGA,91
CCGUUA,198
GUUCUA,475
AUGGGC,83
CCGAUU,325
CGAGAC,87
AAGCAU,1326
AGGGGA,51
AGUCGU,198
UGGCAG,222
CACGAC,46
GGUGUA,174
CGCUAU,270
CAAGCC,42
UCCCGU,68
UCCCCU,61
AUACGG,233
UGCUCG,201
UGCGUG,124
CUAGUC,111
GUCCUC,59
UCCCAA,385
CAGCGU,107
CCCACU,66
CUAGAG,44
GAGAGC,136
CUGACG,86
UGCCUG,155
UGGACC,78
GGUACC,62
CGUCUC,63
AGUACU,499
UCUGAC,260
AGUCCU,152
GAGGAC,65
CGGAAC,129
UCCAUG,395
UACGUG,203
UGCCGA,202
UGCUGG,259
CGUGGU,58
UACCGG,101
GAGACG,60
UCGUUA,700
CCACAG,112
UCGGUU,313
GUGACU,168
AGCACG,46
UGGUGU,267
CGCAGU,123
CUCAGU,272
ACCGGU,45
CUACGU,116
GAAGCC,152
ACGAGC,113
GGUGAC,79
AGCCAC,69
AGUGGC,120
GCAGAG,169
ACAAAG,846
CGUCCA,127
CCCUCU,124
GGUGAG,103
UCGCCU,123
GACCGA,83
GGUUGG,131
GGUAGU,214
AACUAG,364
CGGCUU,84
AGCGAU,473
GAGCUU,296
CUCCCA,104
ACAGAC,199
CGGACA,55
CGUCAC,81
ACAGCG,137
UGGUCG,136
CGACGU,73
CGAACC,58
CAAACG,361
CUCGGA,79
UCGCUU,520
CCGACA,47
CAUUCA,1556
CAGGCU,52
CAGGUC,80
CACCUC,105
GAGAGG,212
UACAGC,366
AGAUAA,1965
AAGGCG,101
GACUAG,106
GUAGUA,605
AGACUC,61
CGUUAG,134
CUAAGG,116
CCGGUA,98
UAGGUC,49
GAUGUC,334
UAACGC,179
AUGCAU,1499
CCUGGU,56
AGAGCU,255
CGCUCU,53
UUCGUA,770
CCAGUC,50
UAUUCA,2633
GGACCA,55
UUCCGC,223
ACCAGG,63
AGGUGC,88
CUGUGG,108
GACCUA,104
GACCAG,89
CAUUCC,629
UACCCU,60
GAAGCG,223
CCCUUA,122
GCCUCA,79
GAAUCG,434
UCGGAG,84
UGAGGC,59
UCGCAG,168
UCCGCU,146
GUGCGA,91
GCGGUU,79
GUGAAC,290
UACGAG,191
UACGAC,215
UCCGAC,88
CUAUGC,308
UCCCUG,67
GAGUAC,120
CCGUCA,86
CGGUAG,64
GCUGGA,230
CACGUG,56
GACAGG,85
CCAUGG,68
CAGAGG,75
GUGGAG,116
GGACUG,79
AGUGCC,82
CAAGAG,303
ACGUAG,52
UGGUCC,60
CUUAGG,56
CUGGAA,663
GUCGUC,114
ACAGCC,71
GUACUC,139
CUCCGA,67
CGUCUA,132
UGAGCC,70
GUGAGU,181
UAAGGG,117
UCGUGG,60
CCGAAC,55
CGAGCU,89
CGCUUU,416
GACUGG,91
ACCUGG,108
CCGCAA,47
AGCGAC,100
AGCAGG,163
UACCGC,102
CGACUA,178
CCGGUU,62
CUGACA,310
CACGCA,56
CGCCUU,91
ACUACG,148
CCUCGA,65
AUACCC,71
CAGUGG,192
AGACCU,72
AUCCGC,72
UUCUCU,1467
CUGGAG,114
CUCCUG,100
AACUCG,187
GUUCGU,293
AUGGCC,108
GGCCAU,108
CUUUGG,334
GUUCGC,102
GUCCAG,96
CCACGA,80
ACCUAC,111
AGGCGA,105
CCAGGA,54
UUGGAG,363
UCCACG,96
GAAGUA,968
GCUAGC,72
ACUAGC,169
CUGGAC,71
UUCGCC,175
GUCUAC,77
CACUAG,55
AGGAGC,69
ACUCGU,154
GUACCU,128
GGAGUA,175
GAUUCC,387
CGUAGA,170
GAAGGG,140
UCCACA,352
UUGCGG,156
CCAGCU,150
GGACUA,112
GCUGAC,122
GUGCAG,185
UAGACG,127
GCCAUG,121
CGUUCG,85
UGGUGA,480
CCCUAA,64
AGCGGU,98
GGAUCG,121
GACGUU,171
GAGAAG,650
UGCACU,408
AAUCCC,236
AUCGGC,57
GGGGAA,120
UCUGCC,149
UGUGCC,95
AUGGUA,738
CCAGCA,247
UCUGCU,559
GCCACU,92
GCUCCA,159
UGCCCA,95
UCUAAG,433
CGUAGU,145
CGUAAG,175
CUCCCU,61
AGAACG,266
CAUCCU,439
UAUCCC,204
GCAACC,58
GUGAGA,324
CGCCAA,146
UGUGGC,107
GAUGCG,146
CCAGGU,88
AGCCAG,78
UCCGUC,83
UGCGGA,139
ACCCUU,86
UAACGG,181
ACUCUA,288
CUAACG,118
GGAUGC,170
UACCCA,139
UACUCG,175
GGAUGA,663
UGUACG,180
GGCUUC,130
AGAAGG,507
UCGGCU,87
GAGCCA,102
ACUACU,621
GCAAGC,245
UGGGCA,77
CAGAUC,317
CCUUGC,124
CCUUAG,82
GUUCUC,294
GAGGCA,88
AGCGCA,121
AGCUUG,338
AAGGUC,196
ACGUGA,277
GCGUUU,240
UUGCAA,1895
CACAAA,969
GUGGGA,95
GAUGGC,221
AUGGCG,131
AAGACC,147
UCUCGG,92
GUCCAA,284
AAGUCC,170
CCGAGA,85
UGGUCU,174
UCUAGG,78
UUUUCG,1716
GCCAGU,99
GGCGAA,167
UCCUCG,73
CGUUCC,114
GUAACC,64
CUCUGC,140
AGGAAG,658
CACCAA,424
CACAGC,59
UCCUGG,67
CACCGA,131
CGUUCU,265
UGCACG,98
GCACGA,107
CUUGCA,564
GCCAGA,118
AUCCGG,110
CCGCAU,77
GGUUAC,113
AUAUGG,748
CGCAUA,301
UCCUAG,128
GUCGUA,212
CACGAU,247
UUCACU,1119
CUGCUG,384
UAGGUG,146
UAGCUA,580
ACGACG,72
ACGCUA,66
CAAGAU,728
UCUGGC,76
GCUCUC,105
AGGGAU,205
UAGGGA,147
UUACGC,219
AGUACC,183
CGGAAU,413
CCCAUC,70
GAGGAG,188
CGACCA,82
AGACAC,95
CAUCGG,150
CUCUCC,186
UCCGGU,111
CCGAUC,68
UCUACG,157
UAGGAC,88
CGAAGG,130
AGCACC,78
UUGACC,270
AGUCUG,172
GCCAAC,143
AGCUGU,378
CGGUUG,101
GGACAG,87
UUCCCC,88
CCUUAC,166
CUUGCC,130
CGCAAC,73
UGCUCU,401
UCGGUG,70
GCCGAA,182
AACAGU,893
GCUUGC,243
CUAGGA,73
CACUGG,78
CCUGCU,67
GUUAGG,74
UGAGAG,345
AGGGAG,95
UAGAGG,137
CCGCUU,109
GGGAUG,87
UGCGAC,80
UGCUUA,1028
CCAAGC,73
UUGUCC,361
UCCCUA,139
GAUCGC,81
AGAUGG,447
CAGUGC,204
UGGAGC,140
ACGGUU,167
CAUAUA,1843
CGUAAU,636
CGGCAU,89
GGUCUU,143
UCCGCA,74
GGAAGC,232
AUUCCG,406
GGCAUG,81
ACCUCA,215
ACGUAC,77
UCAGGC,90
CAUAGG,75
GUCGCA,84
GUACAC,90
UCCAGG,74
GGUAGA,207
CCAUGC,127
GUUAAC,424
GAGUUC,193
GGCAUC,73
GCGUAU,168
AGCUUA,686
CUCUCG,90
GGCAAG,111
CCAAAG,320
CCCUUC,81
AGGACU,82
GUUGAC,264
AAUGGU,843
GAGUAG,166
UCGCUC,77
CUAACC,74
CAUGCC,99
AGCUAG,151
UAAGAC,373
UGGCUG,186
UCAGCG,158
UAUAGU,929
CAGCGA,211
GCCUUA,187
UCGUAC,204
CCUUCG,95
CAGGCA,111
GACACU,139
AUGCUG,595
GAGCGA,117
CACCAG,131
AGGUAG,165
CUGUAG,224
AGUCCA,185
CGGCAA,170
AUGGCA,533
CGACGA,186
UACUUA,1097
CAGUCU,233
UCCACC,155
GGCAGA,80
CGGGAA,178
CUCGAC,121
CUCGAG,171
ACGAGU,111
UCCUUG,348
AUUCGC,398
CGCAUC,110
CAGGUG,73
GCAGUC,91
CACGUA,171
GCAGGU,109
GGCUGA,110
AUCCGU,250
ACCUGC,92
GUAGUG,226
GUGCCA,95
GGAUGG,213
UGAGAC,192
AACACG,152
ACUCCU,149
GUAUCC,185
GCUCUU,355
GACAGC,119
GGCCAA,129
GAGACU,131
CAUGGU,193
CGGUUA,138
CACUUA,577
CAAUGC,515
AAACCU,581
AUCGCA,409
CGUACU,123
UUCCGU,379
CUCUAC,83
GGAGAA,540
UAGUGC,226
CACACU,165
CGUCAU,330
GGAGCA,76
UUGGCC,108
UUGGGA,362
GAAGCU,433
UGGCCA,78
AUCGCU,451
AGUCAC,96
GCGACA,120
CCACUG,153
GCUCAU,388
UGUCCU,247
GAAUUG,1276
UACACC,92
GUACCA,266
ACACCU,115
GAUGCC,105
GACAUG,265
GCAUCC,79
CCUCCU,88
GUCUUC,331
GGUUAG,101
GGUUUC,293
UCGAGC,130
UGACGU,197
AGUCUU,492
ACCAGC,96
AGUCUA,250
AACGUC,133
AGUGGU,274
GAACCU,94
UGCUAA,1103
CCGUAA,220
CGGUGA,103
AACACC,191
ACAUGG,214
ACGUUC,153
CUGAAG,526
CAGACU,143
GUGGCA,94
UCACCG,99
AGGAGA,391
GUGGUG,77
GUAACG,165
AAGAGA,1378
UGCAGG,75
CCAUAG,106
GUAAGG,134
GAUGGA,685
AUCCCU,176
UAGUCG,130
ACAAAA,3177
AACGGU,203
UCUCCC,113
UAACCG,94
ACCACC,87
CUCUUG,276
GAGAUC,250
GGUGAU,404
GGGAGA,111
ACCCAU,108
ACUACC,85
CUACUC,122
CCAUGA,284
CACCAC,82
UGACCU,243
AGAACC,97
ACUGAC,231
GGUGGU,140
CCUGCA,79
GGAAGG,235
ACCAUG,173
CGUAAC,86
CCAGUA,254
UAGCGA,294
CGAAGC,153
CUGACU,190
CUUCGA,501
UCGGCA,91
AUCUCA,836
AGACCA,106
AUCAUG,890
AACGAG,262
AUGCGU,249
GGAUCU,128
UAGGAG,98
AAAGCC,285
AACCUC,113
CAGUAA,988
CUUGGC,120
CUGCUC,193
ACUGAG,237
CUAAAU,1723
CAUCCG,120
ACAACC,203
CUGCAC,133
CGUCUU,249
CUAAGC,190
GGAGAU,243
ACACGA,139
GGUGGA,112
GUUAGC,236
CACUCU,193
AGCUCA,274
CUACCU,131
AACUCC,129
AGCUAU,714
CGAGCA,144
GGAAAG,660
CGUGAA,351
GCAUCG,168
ACCGAU,303
UGAGUA,470
ACCUAU,359
GGUAAC,99
GCUUCG,131
ACUCCA,86
GAAUGC,555
UUCCGG,198
CUUGGA,316
GGCUUA,199
UGAGGU,193
UUCGCU,509
CCACUA,178
CUCAAG,203
CGAUCG,99
AAGCCU,217
CAGCCA,112
CCGGAA,190
AUGAGG,298
GUCCUU,201
CGUACA,136
AGAGAC,126
UACAGG,90
ACGCAA,248
UGUCCA,322
CCCAUA,119
UGACCA,252
CGAUAC,258
UCCGGA,155
AACUGC,506
AGAUGA,1305
UCCAGC,183
CUUAAG,329
GCAAGA,511
UAAGUG,555
GCUACU,276
UGCUAC,405
UUCGGC,122
GACUUC,270
AAGUUC,839
GUACAG,181
AGCCUA,136
CUCCUC,133
CUGAAC,326
AUAGCC,149
GCAUGA,491
UAAGGC,153
UCCUGC,154
GACACA,101
CAUACC,234
GACCUU,128
CUUCCC,152
GUGGUU,202
UAAGCA,1014
AGACAG,229
CAUGAU,896
AUAGGC,123
GAUGGU,388
ACAACG,265
UAGGCU,110
GCACUG,164
CGCUUC,100
AUGGUC,176
AUCAUU,4229
GGAGAG,142
UCAGAG,272
AGAAAG,1556
UCCGUU,321
CCUUCC,219
UAUCCG,260
UCGACU,241
AUCCUA,528
AAUGCG,349
CAGUCA,348
GAGCAA,531
UUGAUC,1160
ACCGAA,327
CUGUCU,223
UUUACU,1870
GCAGGA,116
CAUCGC,118
UGAGCA,471
UCUACC,113
AGCUAC,136
UACUAA,1181
UCGGAA,504
AGUAUG,584
AAGGAC,186
GAUUCG,354
UCGCAU,412
GGGAAG,121
GCACUA,200
UGGAAC,388
ACAGAG,200
ACCGUA,180
UGCACA,400
GAACUC,126
CAAGUC,158
UAAGUC,347
CAACGU,148
GGUAUC,165
ACGUCA,143
AGCCUU,180
ACGAGA,300
AACGCU,167
GGGAAA,606
CGAUGC,121
AUACAU,1716
CAUGAG,190
UGACAC,141
AGACUG,188
CUUGAC,207
GUCCAU,223
CACUAC,186
GCAGAU,414
UCACAC,180
AUCCUG,287
AUUUGG,1108
CAGGUA,83
CGGUUU,232
AGUGCA,360
ACACAC,80
AGAUAU,1755
ACCAAG,119
CUUCCG,139
AUCUCG,341
AGGUUG,104
AGGAUC,143
CCUCAU,286
CAGCAC,136
UGUCAC,279
GCUAGA,123
UCGAAC,363
AACCAC,180
AUGACC,208
CCAUUA,732
GACCAU,121
GCUUAG,122
UACGGU,171
GAGCUA,136
GCAUAC,303
UCUCUU,1360
CAAGAC,131
UUACGG,177
GCUUCC,186
CAUAUG,860
AUCUCC,221
AGAUCG,234
UUAGCC,151
CAUGUG,234
ACUCGA,143
CGUUCA,303
CAUACG,143
UGAACC,201
AGGAAC,241
GGUGAA,391
UCAGGU,87
CUUAGC,140
UAUACC,387
UCCAGU,368
CACAAG,161
AUCUGC,408
UGACUA,399
GUCACU,169
UGGUAG,225
GUCACA,121
CUAGCA,234
CUUACC,107
GCACUU,344
ACGAAG,360
ACGGUA,108
GAUGAG,464
UUGGUC,229
AACGGA,295
CGAACU,266
CAGAAC,301
UUAACG,438
UCCUCC,149
UAGGCA,141
GGAUAG,222
UUAGGC,127
CACCAU,333
CCACCA,157
UUAGCG,166
GCCUAA,147
GGAUUC,303
AAUUUA,6863
AAUGGG,251
CGAUAG,245
UGGAAA,1850
CAACCU,150
GACGAA,451
ACUUUG,800
GAUAGG,111
GGACAU,158
GGUAAG,189
UGGUGG,165
UAUCUA,1214
UCGCAA,442
GUAGGA,146
CUACAG,138
UCACUC,281
AUGGUG,332
GCAGCU,180
CGUCAA,238
GAGACA,201
UCUUCG,503
CAGUUC,424
UAGCAC,217
UGCUAG,232
UUCUCG,742
CAACUC,178
GUCAAC,196
CCUAUU,527
UCGUCA,369
CAAGAA,1304
ACCACA,190
GCAGUG,182
GAUAGU,623
GGAACU,236
AGGCUU,183
UAAGCG,170
GAAGGU,269
AGUUUG,929
CACCUU,175
GACCAA,214
CCAACU,285
UCCAAG,294
UUCACC,389
GGAAUG,592
CAUGAC,155
ACAGGA,241
ACCAGA,180
AGCUGC,165
GCAAGU,329
UGACAG,319
GCUAAC,130
GGUCAU,149
ACAUAA,1413
AGGACA,141
AGUGAG,218
UACCAG,137
AUAGCG,151
CUACCA,187
ACUAAG,311
GUUCCU,221
ACACCA,145
AGUAGC,238
AUCGGA,355
CGUUAA,417
AGCAUG,372
AAUCUU,2149
AGGUCA,137
UCACGU,192
AGCAUU,1287
CAGCUA,301
CUUCGU,346
UCUCUA,548
GACAUU,751
GGAACA,358
AACCUA,291
CUGAUC,395
CUACAA,595
UGGCAA,525
CAGCAG,320
CCCUUU,178
UAGCCA,169
GUUCCA,369
UACCAC,204
UGACUU,597
UGACGA,356
GCAUUG,484
AAGUAC,468
AAUGAG,1043
UGGAGA,341
CCAAGU,188
UAGUCU,253
GCGAUU,290
UAGUAC,297
CCAUUG,331
ACAGGU,131
ACAUGC,316
UAGACU,159
ACCACU,194
AUGGAC,157
GCCUUU,276
AAUCUG,837
AUCGAC,239
CUCAUA,566
UGUGUG,461
AUCACG,198
CUAGAU,123
AGGUGA,248
AUCUGG,156
GCUGCA,315
GAUAUC,954
CAGACA,205
GCACAA,358
UUGACG,205
AGUUCG,230
AAGCUA,685
CAUGCU,370
CUAUCC,167
CCACAU,154
CGGAUU,158
AUCCAC,218
UCUCCU,340
ACGAAC,161
CUGCAG,184
AGAAUC,806
UGAAGG,432
AACCAU,638
UCGUCU,252
AGGUUA,343
GAGAAC,147
UCACCU,247
CCAGAU,182
ACCUUA,288
CUGGAU,308
CGCAUU,316
AAGCGA,459
AAUCCG,184
GUAGUU,437
GCUACA,156
AACGAC,183
ACGUUA,234
AGUUCC,163
GCAUGC,199
AAUUGG,945
GACAAC,139
GACAGA,289
UCGGAU,309
AUGAGU,551
UCUCAA,920
AUUACA,1753
AAGCAC,124
CCCAAA,225
AAUCGG,224
CAACAC,137
UCGAUC,488
GACUAU,312
UGGAAG,612
CCCAUU,158
ACCAAC,223
GGAAAC,361
AAUCAC,790
AGGGAA,371
AACCGA,164
UCAGUA,859
GACAUC,228
AGGCAU,141
AUCCUC,190
UUACCU,589
UCAAUG,1129
GUCAAA,825
UCUUGG,233
UACGUA,319
GCUUAC,150
GCAUAG,168
CUACUA,474
UAGCUU,685
UUGAGU,474
CAGGUU,177
UAACAC,382
AACAGG,174
CUAUAC,250
GCAUCU,318
CCUAUA,293
CACAAC,238
AACCUG,190
CGUUAU,520
UCGAUA,1062
UAGACA,321
UCAACG,263
UUACCG,213
AAUCGU,736
UCACGA,227
CCUCAA,201
CAUAGC,157
AAUGGA,1407
CGAAUG,442
UACAGA,532
CGACAU,175
AUCGGU,222
CGAUUC,342
UACAUA,1364
AUAGAC,147
CGAACA,326
ACCUUC,156
AUACAA,1608
GAAACG,381
AUCUAG,178
UCAUAA,2178
GAACCA,183
UAACGU,161
CAAACC,171
ACGACA,189
GAUCAC,176
GAGCAU,306
AUCAGG,158
UAGGUA,141
ACGAUC,197
GAUCGU,195
CAAGCU,226
AACACU,502
AAUACC,549
UUCUGC,685
GCAAAU,1692
CUAUUC,782
UUAGUU,1528
UAGCUG,268
AGACUA,169
GAUGAC,364
UCGACA,319
AUCACU,1088
AGAAGC,486
UACCUA,242
CGCAAU,268
CACGAA,221
ACGUAA,400
CAGGAU,190
ACAGUU,743
AUCGAG,305
UUUCCG,557
CCACUU,253
ACAUCG,245
ACUUAG,202
CUAAAG,411
AGCAAG,407
AACUUA,1428
ACUAGA,173
UCCUCA,339
AGUUCU,586
GAACGA,387
GACAAU,749
UCUUAC,532
GGAAGU,373
CGUUUC,378
UCUUGA,933
GGCAUU,312
GAUCUA,371
UCCCUU,279
CCAACA,352
GCUGCU,278
UUAGAC,241
ACCUAA,304
UACCUG,248
CGAUUG,353
AAGGGA,267
AGCAUA,963
ACCUGA,268
AGCUAA,710
UGGACA,188
UUCGGA,405
UGGAUC,257
UCCGAU,311
AACUAC,408
ACAUAG,295
AGCCAU,203
CAAUCC,180
UACCUU,486
CGAAAC,332
CUCCAA,185
AGCACU,183
UCUUCC,724
ACAAGC,199
CCAUCU,357
UCCACU,283
GCAAUG,568
AUCUAC,351
UAAGGU,217
AGAGUU,421
GGACAA,203
CAUCGU,342
AAGGAA,1615
UCGUAA,665
CUCCUU,217
CAUUAG,527
AUCACC,150
CUUAGU,233
AUGACU,550
UACAAA,1919
AUCCAG,225
CCAAAC,182
CAAUGG,279
AUAGGU,158
CCAAUG,247
AGUUGC,347
CACAUC,221
GCAAAG,477
CCAGAA,406
GUAGAU,349
CCUCUU,257
CUCAAU,655
CGAUAU,892
AUAGUC,240
AUGCAG,467
GAUAGC,319
ACUUCU,916
UUACGU,380
UCAAGU,705
GGAUUA,554
CGAGAU,194
GGAUCA,222
UCGUUC,371
GAAAGG,501
GAUCAG,333
UAUAGG,233
GAGUUA,305
UGCAGC,182
UAUGAG,533
AGCACA,203
UUCACG,204
AUCCGA,227
CGAAUC,238
AUACCU,427
ACCAUA,439
CAAUCG,319
UAAGAG,449
CAGAGA,251
GCAACU,328
GGUAUA,329
UCCUAU,585
AUACCA,583
GUAGCA,306
UCGAUG,529
AUUCAC,760
GAAAAG,1814
AGGAUG,305
AUAACC,325
AUGAAC,808
GACAAA,1027
AACGUU,395
UGAAGC,557
UCCCAU,251
UUCAGU,1190
UUAGGU,190
AGAUCU,354
UCUCCA,254
UGAGGA,296
CAACCA,224
CUCGAU,210
UUUACA,1892
GCCAAU,274
CACAAU,647
CAGAAG,480
CUAAAC,409
AAUGGC,367
UAACCU,196
UAGAUC,172
UUUCGA,1717
ACUACA,365
GCCAAA,460
UUAGAG,360
UGAUGC,551
UCCUCU,324
UUAAGG,349
UACUAC,471
AUUCAA,3099
UGAGUU,476
ACUGCA,484
GAACAG,301
CCUUAA,351
CUUUAC,502
CAGCAU,505
ACAUGA,659
UCAGCU,394
CAUUAU,2308
AAGCCA,227
ACCAAA,834
CAUUCG,392
UCCAAC,301
CACUGA,396
UGAUCG,443
GCAAUC,408
UUAACC,225
ACUUCC,314
CAUCGA,520
CUGCUA,314
ACGAAA,1197
CAAUAC,607
UCCAGA,317
AUAACG,461
GACUUU,507
CAUCUC,326
ACUCAU,493
UAUCGA,1015
GAUACA,567
GUGUGU,250
UCUAGA,196
AUACAC,351
CAUGCA,549
CUUAGA,244
UGUAGA,413
UUAGUC,214
AGACAU,446
AUCUCU,736
AAUGCA,1451
GCAGCA,356
UAGUCA,264
GACUAA,267
GCAAAC,407
UCUGGA,309
UAUCAG,1132
UUCAGG,164
UCACCA,328
CGAUUU,1028
AGCGAA,407
GUAAGA,477
UCAAGC,261
CGGAAA,487
CGACAA,289
GAAGGA,662
CUUAAC,245
CACUUC,439
AGCUUC,235
AGCCAA,271
UAGCAG,224
AGUACA,213
CUUCUC,528
UGCAGU,462
AGUUCA,744
UCUUAG,279
CAAAUG,1398
UAACGA,584
UCUACU,398
CUACAU,286
CACACA,195
UCAGGA,235
UUCCGA,396
AGCAGA,431
GCCAUU,304
ACCAAU,674
UAGAAC,245
CCUAAU,346
AGUUAG,207
UAGGAU,416
AAACAC,476
CAGCUU,244
CUUCAC,288
UCCGAA,316
CAAUCU,680
UUUCUU,4979
UAAUGG,645
CAAUUG,903
UUCCAC,352
AGUAUC,462
ACUAAC,272
ACAGCA,444
AUUAGG,332
UCUAAC,311
UAACUA,924
UUUCUA,2488
UCACAA,817
UCUAAA,1765
UUCCUC,528
CAUGAA,1076
GUAACA,512
AGCAUC,311
CUUCAG,367
CAUCAG,377
UUCUCC,404
UACAGU,552
GAGAAU,1043
CAACAG,364
UAUCUU,1852
GACAUA,409
CAUAAG,399
CUCAUC,266
UUCAGC,589
UUCCCA,330
UAACCA,291
CUAACU,273
CCUUCA,268
UACCAU,595
ACACUU,393
CUUCUG,427
CCUUCU,317
CUUUAG,290
UCUACA,354
AUAAGG,385
CGAUCA,220
UAGUUG,525
GAAGUU,1015
GUUAGA,276
CAACUG,337
GCAGAA,620
UGAACU,717
UACACA,359
UAGUAU,949
CAGAAU,1009
UCCUUU,1276
AAAUCC,783
AGUAAC,259
AUGAUC,907
AACCUU,401
AUUGCA,1442
CACUUU,897
AGGUAU,278
UCGAAA,1678
UCCUAA,523
AAUCUC,702
CUCGAA,333
UUUACC,612
CCGAAA,357
CCUGAA,393
ACUUAC,225
UCAAAG,893
ACAGUA,621
AGUCAA,441
UCUGCA,449
UCAUCG,542
UAGUAG,331
UAGUUC,396
CCUUUA,369
AAGGUA,376
CUUGAA,1019
AUCGAU,1391
AGGAUU,581
ACAAGU,399
CAUCAC,256
AACUCA,384
GAUGCA,465
AAGAAC,614
AGCAAC,342
CCUUUC,382
CUUCUU,1373
CCAUUC,376
AUGGAA,1457
UUCGAG,295
UUUGAC,736
GAUCGA,361
UAAGGA,455
AUACGA,517
GAAAAC,1144
UUAUCU,1807
CACUAA,373
AAACUC,366
GGAAAU,1512
ACACAA,392
GCAUUC,357
AUCUUC,1031
ACUUAA,1045
CGAAUU,1041
GAACAU,602
CAUUGC,471
CAAAGA,983
UGAGAU,727
CAUAAC,455
UUGAAC,745
AGAUUA,1346
CAAUGA,1311
GAUAAU,2896
GAACUA,327
AUAUCU,1653
CAGUUU,1006
CUUACA,332
GCUUCA,467
CCAUCA,402
GAAUGG,327
AGAGAU,684
AAUAGG,269
ACAAUC,635
AAGGAU,711
CUAACA,283
UCAGCA,579
CAUAGA,334
ACUAUC,482
AUUCUA,1605
CAGGAA,306
AUCAGC,372
UAUAGC,403
AGGUAA,243
UAGAGA,323
AUUACC,501
CAGUUA,601
UUUCCC,435
UUCUAG,414
UGCAUC,423
CAAGUA,433
AGUAGU,413
CAUCCA,353
UUGCAG,623
UGCAAC,403
CGAGAA,610
AUCUUU,2486
ACAAAU,2687
CUUCUA,625
AACACA,385
UAACAG,505
UACCAA,535
UUCCAG,433
AACCAA,639
AGAUAG,421
CAAGCA,328
AUAUCC,517
CUUUCU,1401
UUUCAC,1158
CUUACU,394
UCAACA,1070
AUAGGA,262
AAUCCU,519
CUCUUC,426
GAGAUA,592
UACAAC,408
CUAGAA,365
UUUUAC,2037
AAAUAG,2023
CUUUCC,445
CAACUA,448
UCGAAU,1185
UCAGUU,1071
UCUAUC,719
AACUUC,959
UUCUAC,530
UUAGCU,598
CAGAUA,645
UAAUCC,307
AUCCAU,977
UUCACA,807
UUACUA,1243
ACAAAC,709
AAGCUU,800
UAGAUG,537
UUUGCA,1951
AACAUC,690
UCAUCC,377
AGAACA,552
AGAAGU,802
CCUAAA,444
GCAUCA,333
UUAGGA,438
ACACAU,360
ACCUUU,476
AUAGCU,504
CAGUAU,584
UAUUCC,841
UCUCAU,936
UGAACA,794
GAUUAG,416
CAGCAA,673
AGAACU,362
UGAAUC,911
CUUCCA,398
GGUAAU,429
CACAUA,499
CAAUAG,391
AUUGAG,506
ACUUCA,972
GUUUCA,1080
ACAUAC,428
UCAUGA,847
CUCAUU,909
GUAAUC,378
UCCAUC,427
AGUUUC,824
UCACUA,452
CUAAUC,360
AGAUCA,549
UUUGAG,759
UCAAAU,3693
ACUUUA,1222
AUCAAG,634
UUUAGG,343
ACAACU,443
CAAGUU,615
GUAGAA,513
UUACAG,561
CAUCUA,466
UAAGCU,422
CAUAAU,1853
GCAACA,361
AGUUAA,1170
AACAAG,613
CAUACA,658
UUAAGC,503
UAAUCG,604
UAGCAU,754
CCAUAU,451
GAAGCA,595
CACAUU,588
GAACUU,643
AUUAUC,2815
AUGAGA,918
UUCUCA,1129
GAAUUC,1056
AGAUUC,466
CAAAGU,577
AGCUUU,768
GUAAUU,1746
AGAAUG,1006
AAUACA,1518
UAGUUA,811
AGAUUG,538
UCAGAA,1236
AAUCAG,884
AAUCUA,1185
AUAUUC,2203
GGAAUU,972
ACAUUC,642
UCCUUC,444
UGAUAG,817
AACAGA,766
UCUCGA,407
ACCAUU,585
UUACCA,426
AGUAAU,1763
CUGCAA,457
CCAAAA,1118
UCGAGA,402
UUGAGA,724
AAGCAA,1569
UAUCCA,604
UUGACA,605
UAGGAA,323
UGAGAA,1112
GAACAA,913
GAUAAC,592
UAGAAG,472
CAUUAC,520
UCACAU,630
GAUUGA,1074
CAAAAG,977
AGAAAC,710
GAAACA,1076
UUCCUA,548
CAAAAA,4450
AGGAAU,834
ACAUUA,1210
GAGAUU,475
CAGAUU,587
AUCAGA,892
UCUUUU,4089
ACAGAA,780
UCUAAU,1441
UAUAGA,779
GAAUAG,472
CAUAUC,844
CAUCAA,1238
UCAUAU,2380
AUUCUC,899
ACAUAU,1569
CUCUCU,605
GAUAGA,567
AUAAGU,1247
CAACUU,669
UCAAGA,681
AUUAGC,527
UAUCAC,815
AUUCAG,884
GAAUCA,894
AGAUUU,2047
UCCAUU,1200
UUCUAA,1898
AUGCAA,1457
AUCACA,600
UCAACU,596
CAAACU,592
AUAUAG,793
AUUAAC,1146
GAUCAU,694
AAUCGA,1087
ACAUCA,594
UCCAAU,814
AAUCAU,2820
CAUUCU,919
CUAUCA,703
UCAGAU,741
AUAAGC,531
AAUAGC,589
AUUAGU,1203
UUAAGU,895
UAUUAG,1090
UUCAAG,846
AAUCCA,638
AACAUA,1359
UUUAGC,599
AUUUUC,4260
UCUUUA,1475
UCAAAC,694
ACUUUC,771
AUUCCU,735
CCAAUU,541
AAUUCC,856
CAACAU,594
CUUCAA,1086
AAUAGA,1662
UCUGAA,1092
AGAGAG,502
UUACAA,1651
UAAGAU,1136
CAUCUU,764
UGAUCA,950
CCAAAU,783
AUCCAA,628
CAUAUU,2186
AAGUUU,2403
UCUCUC,649
AAUUCU,2449
UUAAGA,1181
CAAAUC,852
UUCGAU,1099
AGAAUU,2429
CGAAAA,1425
UUAACU,1015
UAAUAC,890
AGAGAA,1148
UUCAGA,1054
AUUUCC,1321
UUCCAU,1267
CUUCAU,1082
UCGAUU,1002
CAAACA,837
GAGAGA,476
CAAUCA,1071
GAUCAA,767
AUAGCA,691
UCAUUA,2377
AUAGUU,1144
UUUUUC,5881
GAUAAG,657
UUAGCA,531
AACUAA,1236
CAAAAC,680
AGCAAU,1193
UUAUAG,858
UCUUUC,1592
UAGAUA,856
GCAAAA,1849
CCUUUU,844
AUUCGA,974
AUUUAG,1413
AUCGAA,1055
ACAAUU,1949
AUUCCA,963
UUUCAU,4501
UUUCCU,1407
UGAAAA,4746
AUCUAA,1109
GGAAAA,1820
UCAUCU,891
CAGAAA,1319
CUGAAA,1603
UCUUCU,1074
CAAUUC,802
AACAAA,3364
UCUUCA,1096
AAUAGU,1262
AUCUUA,994
AUUAAG,1052
UGCAAA,1743
UUCAAC,711
CAAUUA,1912
UCAAUU,3097
UAGCAA,600
AUUAAU,5666
UCAAAA,3758
AGCAAA,1508
UCAAUC,714
ACUAAA,1056
GCAAUU,924
UUCCUU,1280
UAGAUU,912
CUUAAA,1201
AGUUUA,1060
UUUAAC,1213
UCCAAA,839
UAAUCU,1014
UUAACA,1254
UUCUUU,4206
UAACUU,1124
UUCCAA,1136
AUCAUA,2028
UAAUAG,925
CCAUUU,758
GAAAUC,892
AGGAAA,1336
CUUUUU,4230
AUAGAU,1080
GAGAAA,1632
UAGAAU,1283
UUUCCA,1445
CUAAUU,1426
UUUAAG,1126
CUUUCA,885
UUAGAU,910
UUAAUC,1535
UAAGAA,1640
AUAGAA,1632
UAAGUU,787
AUAAGA,1428
CUUUAA,1011
UUCUUC,1678
CUUUUC,1365
AAUAUC,2063
UUUUCC,1674
GAAAAA,5756
AACUUU,2174
CAUUUA,2089
AUUAGA,994
UUUCAG,1397
AUAAUC,1518
UCAUCA,1522
CUAAAA,1799
CAUCAU,1025
UUCAUC,1351
UUUUAG,1763
AUAUCA,2434
AUCAAU,2989
UUUAGA,1203
AUCAAA,3287
AAUAAG,1423
UAAUUC,1832
AAUUCA,2907
AUCAUC,1087
AGAAAA,4417
CAAUAU,1587
UUCAUU,4302
AAUUAG,1028
AAUCAA,2776
UAAUCA,1755
GAAAAU,3916
UUAGAA,1232
UUCAAA,3796
CAAUUU,2865
CAUUUC,1433
GAAAUU,4075
UUAAUU,6212
UAGAAA,1811
AUUUCA,4392
UCAUUU,4423
UAAUUA,4332
UUUUCA,4314
AUUUAA,5317
CAAAUU,2680
UUUCAA,3651
